4,6,0,4,8,2,0,0,0
1,-1,0,0,0,0,0,0,0
1,-1,0,0,0,0,0,0,0
4,8,0,68,338,40,0,0,2
0,0,0,6,31,7,0,0,0
2,-2,0,12,38,6,0,2,0
6,8,0,50,368,34,2,4,0
8,92,0,46,452,30,4,0,0
16,76,0,40,176,12,0,0,0
0,0,0,21,219,33,1,2,2
4,8,0,66,482,46,4,0,0
10,94,0,42,374,64,0,2,0
4,28,0,74,464,44,4,0,2
6,44,0,66,428,34,0,4,2
4,0,0,64,612,46,2,2,0
6,22,0,44,540,36,4,0,0
0,0,0,27,367,44,2,2,0
14,120,2,58,326,40,6,0,0
6,46,2,46,300,30,2,0,0
18,224,2,40,536,58,6,2,2
0,0,0,3,32,6,0,0,1
6,48,0,78,550,44,0,2,0
2,16,0,68,406,42,0,0,0
8,40,0,58,404,26,0,2,0
8,38,0,82,542,50,4,2,2
6,12,0,56,436,38,4,2,0
8,78,4,20,192,12,0,4,0
10,10,2,66,612,44,2,8,0
10,58,0,76,580,50,4,0,0
6,38,0,42,514,74,4,0,4
20,120,0,42,268,24,2,0,2
4,22,0,66,476,50,4,2,0
4,12,0,26,418,32,8,0,0
14,54,0,64,450,40,4,0,0
10,48,0,32,370,48,0,2,0
6,28,2,86,626,54,6,4,2
2,-4,0,66,482,38,0,2,2
2,14,0,34,436,74,6,4,0
10,58,2,44,462,70,0,0,0
14,128,0,48,568,34,6,2,0
9,9,0,63,822,117,0,3,0
4,22,0,62,318,32,0,4,0
2,10,0,56,742,78,8,0,0
4,6,0,40,198,16,2,0,0
12,102,0,88,528,50,2,2,0
12,48,0,54,430,30,2,2,0
2,-2,0,2,14,6,0,0,0
2,6,0,48,482,84,2,0,0
2,6,0,50,670,72,2,0,2
0,0,0,8,129,6,2,1,0
6,-10,0,34,498,62,2,4,0
10,26,0,38,518,52,4,2,0
8,4,0,36,316,56,2,2,0
6,22,0,46,376,74,0,6,0
8,86,0,50,592,74,2,0,0
8,-6,0,40,348,56,0,2,0
6,2,0,50,632,70,4,0,2
8,34,2,34,462,40,8,0,0
2,-2,0,26,242,48,0,2,0
6,-6,0,4,0,0,0,2,0
4,24,0,30,336,50,2,0,0
4,24,0,30,276,42,4,0,0
6,0,0,48,292,34,0,0,0
4,42,0,34,374,60,2,2,0
6,46,0,54,538,82,2,0,2
12,42,2,28,306,36,2,0,0
4,46,0,28,280,44,2,0,0
6,40,0,52,536,84,2,0,0
6,14,0,38,618,54,4,2,0
4,4,0,38,198,20,0,2,0
2,4,0,34,236,56,0,2,0
10,64,0,42,420,74,4,2,0
12,54,0,24,300,40,0,0,0
6,60,0,62,630,82,2,4,0
12,36,0,34,418,50,2,2,0
10,54,2,38,634,60,0,0,0
6,34,2,26,288,42,0,2,0
6,32,0,46,462,64,0,2,0
2,14,0,30,314,52,2,4,0
0,0,0,4,51,8,0,0,0
4,2,0,34,466,56,0,0,0
3,-3,0,0,0,0,0,0,0
4,20,0,34,320,52,4,2,0
4,2,0,48,364,28,2,2,0
6,24,0,48,574,70,2,0,0
2,4,0,4,16,16,0,2,0
8,38,0,24,144,56,2,0,0
6,27,0,30,609,72,0,0,0
2,-2,0,18,156,28,0,0,0
10,80,0,24,354,46,2,2,0
4,-2,0,26,388,42,4,0,0
3,-2,0,0,0,0,0,0,0
0,0,0,1,13,2,0,0,0
4,42,0,54,530,86,4,4,0
12,76,2,36,356,46,4,0,0
4,14,0,52,564,74,2,0,0
2,0,0,10,160,14,2,2,0
6,30,0,46,606,78,4,2,0
10,26,0,78,644,56,4,0,0
10,34,0,78,706,54,6,0,0
10,74,2,48,588,106,4,4,2
12,24,2,64,624,98,2,4,0
8,46,0,84,468,54,4,2,0
4,36,0,62,752,88,2,0,0
6,44,0,80,394,42,2,2,2
18,120,0,70,420,38,4,2,2
14,36,0,50,740,88,6,2,2
2,10,0,20,320,32,4,0,0
10,38,2,70,740,106,4,4,0
8,18,0,32,458,58,4,0,2
2,0,0,24,410,38,4,2,2
8,38,0,36,404,60,0,2,0
8,40,0,52,486,98,4,4,0
4,62,0,40,326,78,2,2,0
0,0,0,9,119,10,2,0,0
14,106,2,64,504,42,2,2,0
2,-2,0,58,786,82,8,2,0
10,84,0,34,400,64,0,2,0
8,58,2,42,456,76,6,0,0
2,16,0,56,500,42,4,0,0
0,0,0,37,331,24,1,1,1
6,34,0,80,642,48,4,2,2
0,0,0,15,109,22,0,2,0
6,52,0,52,800,90,6,4,0
6,30,0,62,740,78,8,0,0
6,54,0,46,666,88,6,4,0
4,64,0,58,652,92,8,0,0
8,76,0,50,642,86,2,2,0
8,36,0,24,252,66,0,4,0
14,90,0,58,886,90,8,6,0
8,40,0,38,740,54,10,2,2
8,70,0,56,576,108,0,2,2
0,0,0,18,271,40,3,0,0
8,10,0,54,688,84,4,0,2
4,64,0,90,552,48,4,4,2
8,70,0,60,624,100,6,0,0
8,34,0,58,706,94,2,6,2
2,10,0,40,662,82,4,8,0
16,98,0,42,506,64,2,0,4
14,30,0,72,562,46,2,4,0
6,42,0,94,770,62,8,0,0
8,24,2,58,576,38,4,4,0
4,52,0,44,520,72,4,2,0
16,44,0,56,524,30,4,2,0
10,58,0,38,360,64,4,2,0
12,42,0,36,520,60,4,4,0
18,62,2,46,464,72,0,0,0
4,10,0,50,708,92,8,0,0
8,48,0,42,500,74,2,6,2
6,52,0,56,556,44,8,0,0
12,10,0,52,482,74,2,0,0
12,68,0,42,504,72,4,0,0
8,48,2,36,328,54,0,0,0
12,70,0,46,462,94,4,6,0
16,36,0,36,374,68,4,2,0
8,40,0,40,344,68,6,2,0
2,0,0,96,870,66,6,4,2
0,0,0,15,158,25,1,3,0
2,-2,0,26,372,62,0,2,0
2,0,0,40,486,66,2,2,0
6,-4,0,34,340,50,4,0,0
4,10,0,32,496,50,4,0,0
2,-2,0,8,94,12,0,0,0
4,18,0,26,186,38,2,0,0
6,38,2,52,764,70,4,2,0
0,0,0,3,37,8,0,1,0
0,0,0,5,78,13,1,1,0
2,4,0,2,20,2,0,0,0
0,0,0,32,141,21,1,0,1
4,4,0,52,300,32,2,2,0
0,0,0,10,21,4,0,2,1
4,14,0,64,482,88,2,4,0
6,12,0,26,228,58,0,2,0
4,-6,0,32,444,58,0,0,0
1,-1,0,0,0,0,0,0,0
2,4,0,38,372,60,0,2,0
6,32,0,26,228,54,2,6,2
8,86,0,26,194,50,0,0,0
2,8,0,34,454,54,2,6,0
4,34,0,50,598,76,6,2,0
4,12,0,34,530,76,4,0,0
2,10,0,10,106,20,0,0,0
6,32,0,38,404,72,2,8,0
8,10,0,40,378,66,2,2,0
0,0,0,24,124,13,1,1,0
12,68,0,60,570,40,6,0,0
0,0,0,18,191,12,0,2,0
0,0,0,10,82,27,0,0,0
8,30,2,52,456,72,6,2,0
2,6,0,36,564,38,8,0,0
8,48,0,50,472,82,2,0,0
8,42,0,44,536,70,2,2,0
4,38,0,68,344,48,4,2,0
2,18,0,42,410,86,2,0,0
6,34,0,76,700,50,4,0,0
6,9,0,81,927,108,0,0,3
10,96,0,32,392,58,2,2,0
6,44,0,56,662,86,4,2,0
4,12,0,46,454,66,2,0,0
10,40,0,40,390,30,6,2,2
0,0,0,23,259,39,1,0,1
4,-4,0,42,434,72,4,0,0
6,14,0,44,452,68,2,0,2
4,14,0,48,472,70,4,2,2
2,8,0,38,396,88,4,4,0
6,8,2,40,432,68,0,0,0
6,26,0,26,376,48,4,2,0
10,2,0,70,792,94,8,2,0
8,26,0,50,470,70,0,2,0
10,70,0,46,556,62,4,2,0
4,28,0,44,532,58,4,4,0
8,96,0,44,498,70,2,6,2
6,98,0,40,462,62,4,4,0
4,112,0,30,320,50,4,2,0
2,4,0,78,638,50,6,4,2
4,0,0,54,402,76,2,2,0
8,94,0,48,576,68,6,0,0
0,0,0,33,351,58,3,1,1
6,-4,0,36,356,64,4,2,0
4,-6,0,56,298,34,2,0,0
8,2,0,46,638,68,2,0,2
2,24,0,44,384,84,4,4,2
12,48,0,78,720,102,6,0,3
2,-2,0,50,624,74,6,0,0
8,72,0,56,620,84,2,2,0
10,34,2,58,372,32,0,0,0
2,2,2,40,416,56,0,0,0
8,22,0,62,482,98,2,2,0
12,70,0,90,778,64,4,4,0
12,96,0,50,554,64,4,0,0
4,-2,0,56,600,88,0,4,0
6,34,0,60,718,88,4,0,0
4,12,0,42,614,80,2,0,0
2,-2,0,52,594,98,4,6,0
4,38,0,40,408,80,2,6,0
2,56,0,52,658,76,0,2,0
4,6,0,64,504,48,0,0,0
10,6,0,48,544,76,2,2,0
2,0,0,80,452,58,2,6,0
12,42,0,50,408,30,2,0,0
6,10,0,38,388,74,6,4,2
2,22,0,18,172,38,2,0,0
6,42,0,58,692,94,2,4,0
0,0,0,25,189,15,1,1,1
2,4,0,54,458,84,4,2,0
0,0,0,8,65,5,0,0,0
2,10,0,22,236,10,2,2,0
0,0,0,2,4,2,0,0,0
1,1,0,0,0,0,0,0,0
10,72,0,74,280,40,2,6,0
8,60,0,38,388,32,4,2,0
14,208,2,48,200,24,0,4,0
2,22,0,32,166,14,2,2,2
2,0,0,6,30,10,0,0,0
0,0,0,12,98,17,0,2,0
2,14,0,12,136,20,0,2,0
0,0,0,1,4,2,0,0,0
4,-4,0,10,138,22,2,0,0
6,62,0,52,350,28,4,0,0
0,0,0,3,64,4,0,1,0
6,-10,0,32,458,68,4,0,2
2,18,0,48,274,28,0,2,0
0,0,0,31,128,12,1,1,0
10,4,0,72,656,44,2,4,0
2,2,2,54,314,32,0,2,0
2,20,0,54,732,76,8,0,0
2,4,0,62,340,32,0,8,2
8,6,0,40,470,56,4,2,2
4,34,0,56,360,40,4,0,0
8,52,0,56,428,36,4,0,0
8,20,2,86,414,48,2,4,0
0,0,0,28,308,19,2,0,0
12,46,2,42,562,72,4,8,0
12,80,0,62,412,42,0,2,0
8,68,0,36,310,70,0,0,2
4,-4,0,88,444,46,6,0,0
4,32,0,30,408,48,4,0,0
12,8,0,46,462,76,2,4,0
4,-2,0,24,200,20,2,2,0
4,10,0,70,448,40,0,0,0
12,44,0,48,548,102,4,6,0
0,0,0,22,113,11,0,2,0
12,50,0,34,292,52,4,2,0
0,0,0,41,268,28,1,1,0
10,20,2,40,766,64,6,2,2
4,4,0,52,564,66,4,4,0
12,-24,0,62,592,44,2,0,0
4,18,0,62,664,46,4,0,0
6,16,0,54,488,76,4,4,0
2,0,0,36,252,76,0,0,0
4,14,0,108,732,62,2,0,0
16,68,0,44,630,78,4,0,2
4,34,2,62,508,42,2,0,0
8,8,0,56,452,36,2,0,0
12,28,4,42,532,56,0,2,2
0,0,0,9,69,20,0,0,0
4,-4,0,54,424,42,4,0,0
6,28,0,96,566,52,2,0,4
6,20,0,58,486,34,4,0,0
12,10,0,42,468,54,6,0,0
8,2,0,50,538,68,4,0,0
8,50,0,66,646,86,4,4,0
8,0,0,26,186,54,6,4,0
8,22,2,28,440,38,4,0,0
10,22,2,48,550,70,6,0,0
8,58,0,60,572,50,8,0,2
6,14,2,38,352,54,2,6,0
14,34,0,52,674,80,6,2,0
12,68,0,82,538,58,4,0,0
2,30,0,58,408,32,2,2,0
12,6,0,50,602,76,2,0,0
6,14,0,60,732,46,2,2,0
8,30,0,60,254,28,0,2,0
6,32,0,34,642,48,2,0,0
6,20,0,50,560,90,2,0,0
10,52,0,58,668,102,2,4,2
0,0,0,19,325,30,5,1,0
4,38,0,72,468,42,4,0,0
9,9,0,45,507,69,0,3,0
12,50,0,40,424,54,0,2,0
6,16,0,60,280,34,4,4,0
10,60,0,44,394,76,0,2,0
8,42,2,84,568,54,2,2,2
8,26,0,46,412,84,0,2,2
10,20,0,32,428,52,6,0,0
6,-2,0,36,272,20,0,0,0
0,0,0,3,59,5,0,1,0
10,24,0,64,676,106,0,6,2
4,22,0,38,466,62,4,4,0
8,44,2,42,604,58,4,0,2
14,12,0,48,466,70,2,2,0
2,12,0,48,744,68,6,0,0
14,36,2,60,662,88,4,2,0
6,16,0,20,172,66,0,6,0
6,12,0,30,504,46,2,0,0
8,40,0,50,460,88,4,0,0
4,8,0,40,466,54,6,2,0
0,0,0,29,141,14,1,1,0
6,-2,0,82,476,54,2,2,0
10,24,0,32,440,44,6,0,0
6,-4,0,44,486,66,6,0,0
6,18,0,28,380,46,2,2,0
6,8,0,50,308,30,6,0,0
2,0,0,70,530,40,4,0,4
4,6,0,28,234,48,0,2,0
0,0,0,11,114,19,0,1,0
0,0,0,5,25,5,0,0,0
0,0,0,2,0,0,0,0,0
0,0,0,34,346,45,3,1,0
0,0,0,15,186,21,0,0,0
2,0,0,64,616,92,2,4,0
0,0,0,25,194,35,0,1,0
2,22,0,44,226,24,2,4,0
2,-2,0,0,0,0,0,0,0
2,14,0,34,396,58,2,2,0
8,2,0,76,524,58,0,2,0
4,14,0,44,458,68,0,4,2
0,0,0,1,16,1,0,0,0
2,2,0,68,686,102,4,2,0
6,20,0,40,464,68,4,4,0
0,0,0,26,298,48,3,2,0
0,0,0,19,173,35,0,3,0
2,10,0,36,352,74,2,4,0
0,0,0,0,0,1,0,1,0
0,0,0,5,57,9,0,1,1
0,0,0,12,155,25,0,0,0
2,10,0,62,710,98,4,4,0
6,34,0,36,458,78,2,4,0
0,0,0,8,80,20,0,1,0
0,0,0,1,3,1,0,0,0
4,34,0,38,322,64,2,2,0
6,2,0,16,344,30,4,0,0
4,26,2,10,126,16,0,0,0
14,30,0,42,540,62,2,2,0
0,0,0,0,0,1,0,0,0
10,70,0,26,364,48,2,2,4
6,34,0,66,744,90,2,2,2
2,10,0,8,54,10,0,0,0
10,26,0,20,160,36,0,4,0
22,216,0,26,272,64,0,2,0
4,6,0,6,64,16,0,0,0
8,62,0,30,336,66,2,0,0
2,2,0,6,24,12,0,0,0
0,0,0,20,261,37,3,0,0
0,0,0,29,371,41,2,1,0
4,18,0,52,668,84,4,2,2
4,-4,0,38,514,60,4,4,0
6,26,0,112,620,54,2,4,0
8,0,0,46,624,74,6,2,0
8,14,0,56,634,88,4,2,0
0,0,0,37,190,18,2,0,0
8,24,0,80,560,48,8,0,0
4,18,0,78,894,60,6,0,0
10,-4,0,40,632,62,4,0,0
0,0,0,14,159,23,1,2,1
4,-4,0,70,596,44,2,2,0
8,-2,0,84,768,64,6,0,0
8,-2,0,76,574,36,4,4,0
2,4,0,90,614,64,4,0,0
18,51,3,87,936,168,9,6,0
4,12,0,56,448,42,4,2,0
2,-2,0,44,490,70,4,0,0
2,-2,0,80,688,50,6,0,0
2,2,0,52,712,76,8,0,0
2,-2,0,52,598,78,4,2,0
0,0,0,30,258,21,0,1,0
2,30,0,66,630,44,8,0,0
8,10,0,26,232,44,2,2,0
0,0,0,37,339,30,3,0,0
2,12,0,66,552,50,6,0,0
0,0,0,34,364,55,2,1,0
8,-6,0,28,244,48,2,2,0
2,-2,0,44,462,62,2,2,0
10,10,0,50,450,72,4,2,0
4,4,0,70,752,58,6,0,0
10,26,0,52,444,38,4,0,0
2,0,0,68,532,50,6,0,0
14,20,0,46,364,70,2,2,0
2,30,0,124,932,86,4,2,0
0,0,0,23,280,42,3,0,0
2,0,0,30,298,44,2,0,0
2,4,0,94,666,64,2,0,0
4,32,0,50,538,86,2,2,0
0,0,0,27,214,17,3,0,0
4,8,0,66,716,84,4,0,0
6,-14,0,48,468,74,2,0,0
4,0,0,60,708,70,10,0,0
4,-4,0,38,370,78,2,0,0
4,0,0,72,534,32,0,0,0
2,-2,0,42,268,24,0,0,0
8,26,0,46,584,70,4,0,0
0,0,0,23,267,35,2,0,0
10,-8,0,58,576,104,4,2,2
2,-2,0,46,864,66,8,0,0
6,2,0,92,538,66,2,0,0
6,-8,0,100,572,60,4,0,0
0,0,0,43,233,24,1,2,0
6,-8,0,76,932,118,6,0,2
4,14,2,48,554,76,2,0,0
2,-2,0,64,376,32,0,0,0
8,20,0,44,452,60,4,0,0
10,10,0,58,498,42,4,0,0
0,0,0,20,277,39,1,1,0
4,8,0,66,666,106,8,2,0
4,0,0,68,688,100,6,0,2
4,-6,0,74,656,100,8,4,0
4,10,0,108,640,58,2,4,0
6,26,0,46,452,70,6,2,0
4,2,0,64,836,104,4,2,2
4,6,2,40,550,54,4,0,0
0,0,0,18,197,38,0,1,0
6,2,0,50,576,64,8,0,0
2,12,0,70,756,50,10,0,2
8,6,0,54,722,74,8,0,0
12,12,2,84,604,56,4,0,0
2,-2,0,50,396,26,0,0,0
12,0,2,66,734,100,6,2,0
2,6,0,58,498,112,2,0,4
2,-2,0,76,514,40,4,2,0
4,28,0,80,812,56,6,0,0
0,0,0,22,228,46,0,1,0
6,36,0,42,574,70,4,2,0
0,0,0,38,349,53,2,1,0
4,10,0,80,606,60,2,2,2
8,30,2,68,710,108,4,0,0
10,-8,0,56,454,36,8,2,2
2,6,0,58,592,80,2,2,0
2,-2,0,76,812,50,6,2,0
0,0,0,14,172,26,1,0,0
4,18,0,16,160,32,0,0,0
4,22,0,48,678,68,0,6,0
2,-3,0,0,0,0,0,0,0
6,12,0,72,410,44,2,4,0
6,-6,0,2,22,2,0,0,0
2,0,0,2,8,2,0,0,0
2,38,0,48,560,78,2,4,0
4,50,2,14,196,34,0,0,0
10,92,4,50,456,84,0,2,2
4,26,0,34,348,42,4,2,0
8,24,0,36,472,56,2,6,2
10,76,2,28,290,42,0,0,0
6,30,2,44,444,88,0,4,0
0,0,0,3,40,8,0,0,0
1,1,0,0,0,0,0,0,0
8,58,2,50,472,74,2,2,2
12,36,0,32,454,60,2,2,0
6,-10,0,42,466,60,2,0,0
10,0,0,26,258,44,2,4,2
1,-2,0,0,0,0,0,0,0
2,-2,0,0,0,0,0,0,0
0,0,0,31,310,38,0,1,0
0,0,0,0,0,1,0,0,0
0,0,0,1,25,1,0,0,0
0,0,0,1,0,0,0,0,0
0,0,0,1,38,1,0,0,0
2,0,0,36,594,72,4,8,2
2,10,0,40,412,72,0,2,0
0,0,0,1,0,0,0,0,0
4,-2,0,36,510,60,0,2,0
4,6,0,24,258,38,2,4,0
0,0,0,11,21,6,0,0,0
6,-6,0,6,58,4,0,0,0
4,40,0,36,490,62,4,2,0
0,0,0,23,142,31,2,1,1
0,0,0,7,87,15,0,0,0
4,12,0,38,520,64,2,2,0
0,0,0,0,0,1,0,0,0
6,-6,0,36,394,64,6,0,0
0,0,0,43,183,17,0,1,0
0,0,0,7,68,5,1,0,0
2,18,0,100,752,58,2,4,0
10,40,0,52,356,36,2,4,0
6,10,0,70,624,46,8,0,0
0,0,0,9,67,5,0,1,0
4,40,0,72,396,38,2,6,0
6,32,0,82,400,38,0,6,0
2,14,0,66,532,44,0,2,0
4,28,0,70,414,50,0,2,2
4,18,0,42,298,22,4,0,0
6,24,0,80,518,48,0,4,0
6,26,0,62,400,38,2,0,0
8,2,0,52,358,32,2,0,0
2,-2,0,50,314,28,2,0,0
10,46,0,68,736,40,6,0,0
2,8,0,80,564,50,0,2,0
1,-1,0,0,0,0,0,0,0
12,38,2,56,438,34,4,2,0
0,0,0,37,283,18,2,1,1
0,0,0,51,334,35,1,0,0
10,28,0,64,462,44,8,2,2
2,2,0,100,460,60,2,0,0
4,-10,0,54,412,34,4,2,0
6,-4,0,76,552,40,0,2,2
20,102,2,56,364,36,0,0,0
2,6,0,74,332,40,2,2,0
10,92,0,42,582,76,6,0,2
14,24,0,40,364,24,2,0,0
28,134,0,26,358,36,0,2,0
16,106,0,38,536,72,2,2,0
18,78,0,54,332,38,0,2,0
24,120,0,78,658,52,6,0,0
16,76,0,56,448,32,4,2,0
18,54,0,58,366,38,2,0,0
20,88,0,22,362,24,2,0,0
12,30,0,56,548,84,2,2,0
1,18,0,0,0,0,0,0,0
12,106,0,66,536,40,2,0,0
16,26,0,52,426,40,4,0,0
12,2,2,54,330,40,2,0,0
10,86,2,46,484,60,6,6,0
6,32,0,76,562,42,0,0,0
18,82,0,28,390,38,2,0,0
10,56,0,78,492,54,2,0,0
12,70,0,54,408,38,2,0,0
6,60,2,70,382,36,0,2,2
6,4,0,50,456,30,4,2,0
4,30,0,28,240,16,2,6,0
16,110,0,50,250,34,0,0,0
12,21,0,0,0,3,0,0,0
10,56,0,46,248,24,4,0,0
6,64,0,36,130,18,0,2,0
14,98,0,48,348,34,2,0,0
24,228,3,30,327,51,3,0,0
16,136,0,52,358,34,4,0,2
14,56,2,22,422,42,6,0,0
10,96,2,76,366,38,0,0,0
14,76,2,36,332,24,2,0,0
12,84,2,58,448,34,2,0,0
8,2,0,40,466,72,0,0,0
4,-3,0,0,0,0,0,0,0
12,70,2,80,570,58,4,0,2
12,24,0,34,316,54,2,0,0
10,22,0,44,222,30,0,0,0
8,76,2,50,316,30,2,0,2
4,50,0,60,594,36,6,2,0
6,78,0,2,4,8,0,2,0
6,24,0,42,554,58,6,0,0
6,54,0,36,112,18,0,2,0
16,86,2,76,578,54,2,2,0
18,158,0,32,470,54,4,0,0
18,152,2,50,238,28,0,2,0
14,70,2,56,442,28,2,0,0
6,-6,0,48,448,28,4,0,0
0,0,0,37,339,24,0,0,0
6,20,0,60,562,44,4,2,0
4,-4,0,54,720,70,0,0,0
4,-4,0,72,698,48,6,4,0
0,0,0,36,383,51,1,1,1
8,2,0,62,448,40,0,2,0
2,16,0,64,870,116,4,4,0
6,-6,0,80,760,110,6,4,0
6,-16,0,72,526,48,4,2,0
12,24,0,58,734,90,8,0,0
8,18,0,38,358,62,2,4,0
4,-4,0,44,758,66,6,2,0
2,20,0,90,598,60,8,0,0
8,-8,0,36,440,50,2,0,0
2,-2,0,42,738,54,6,0,0
4,16,0,46,730,68,2,2,0
0,0,0,18,204,30,1,1,0
6,-4,0,62,634,34,2,2,0
0,0,0,34,189,19,1,2,0
2,28,0,74,518,38,6,4,0
2,-2,0,80,1044,98,12,0,0
4,2,0,50,680,74,12,0,2
2,2,0,58,550,90,2,4,0
2,12,0,78,470,44,2,0,2
0,0,0,36,167,23,0,0,0
2,-2,0,66,558,48,6,4,0
6,4,0,42,414,64,2,2,0
2,-4,0,74,600,54,6,2,0
4,8,0,58,628,80,6,0,2
0,0,0,17,235,25,3,0,1
2,-2,0,54,600,44,10,0,0
4,-4,0,70,486,46,4,0,0
2,22,0,56,514,88,4,0,0
6,-4,0,62,440,34,0,6,0
8,20,0,36,394,26,4,4,0
0,0,0,31,229,18,1,0,0
0,0,0,21,191,33,1,1,0
0,0,0,20,221,14,3,0,0
2,-2,0,60,432,36,2,2,0
4,-6,0,44,434,68,4,0,0
0,0,0,22,217,37,0,1,0
6,-4,0,52,546,72,2,0,2
2,12,0,40,502,74,2,2,0
2,12,0,60,564,78,0,2,0
2,0,0,60,686,86,2,4,0
2,8,0,80,580,48,4,2,0
2,2,0,110,624,66,0,10,0
4,14,0,52,812,82,4,4,4
0,0,0,26,351,38,1,1,0
2,14,0,88,514,48,0,2,2
0,0,0,47,314,31,1,1,0
8,-10,0,72,572,42,2,0,0
4,-4,0,50,504,34,2,2,0
0,0,0,36,289,24,2,1,0
2,10,0,132,1012,88,4,0,0
2,26,0,48,728,78,8,0,0
2,-2,0,58,452,40,4,0,0
4,32,0,62,668,90,2,4,0
0,0,0,24,334,44,2,1,0
6,50,0,90,702,66,8,4,0
4,10,0,62,472,38,4,2,0
0,0,0,47,380,34,4,0,1
6,50,0,34,320,46,2,0,0
0,0,0,20,192,24,0,1,0
4,22,0,46,528,60,2,0,0
0,0,0,24,215,34,0,2,0
0,0,0,20,191,25,1,1,0
0,0,0,28,262,45,1,3,0
4,-2,0,56,800,96,8,4,2
8,6,0,48,634,76,4,2,2
10,36,0,72,912,110,2,4,0
6,6,2,90,528,46,2,2,0
2,2,0,44,392,60,4,0,0
2,-2,0,50,700,78,6,0,0
2,14,0,42,456,84,2,2,0
8,6,0,46,530,66,4,0,2
2,26,2,32,334,56,4,2,0
0,0,0,26,211,46,1,0,1
2,-2,0,44,636,52,8,0,0
4,-2,0,74,444,42,0,0,0
0,0,0,31,340,44,5,2,0
4,-4,0,56,514,70,8,0,0
0,0,0,21,340,29,0,1,0
6,22,0,64,352,34,4,0,2
0,0,0,25,266,28,4,0,0
6,-6,0,60,614,86,4,0,0
4,-4,0,54,924,84,14,0,0
0,0,0,28,311,44,2,4,0
8,-16,2,66,828,84,8,2,0
2,-2,0,42,484,52,6,0,0
6,-4,0,64,748,74,6,0,2
2,-2,0,64,800,86,4,0,0
8,-6,0,44,538,72,6,0,0
4,-4,0,34,426,54,2,4,0
2,-2,0,62,606,98,4,2,0
4,-2,0,50,660,72,8,0,2
0,0,0,6,43,12,1,0,0
0,0,0,22,266,35,0,2,0
2,0,0,50,572,70,6,0,0
0,0,0,28,327,34,4,0,0
4,6,0,68,876,114,4,4,0
2,0,0,38,300,72,4,2,0
2,-2,0,72,460,50,4,2,0
0,0,0,23,141,13,0,1,1
2,0,0,44,474,66,6,0,0
4,-12,0,34,358,68,4,0,2
0,0,0,5,35,20,0,4,0
0,0,0,26,290,48,1,3,0
6,-6,0,44,806,70,10,4,0
2,0,0,48,646,80,2,0,2
10,-14,0,56,590,84,4,2,4
6,-6,0,28,466,40,2,0,0
2,-10,0,42,546,74,0,0,2
2,-2,0,68,778,108,2,4,0
2,-2,0,58,772,98,6,2,0
0,0,0,32,400,51,4,0,0
2,-2,0,86,580,56,6,4,2
2,0,0,68,560,98,2,4,2
0,0,0,27,289,41,2,1,0
2,-2,0,62,648,84,4,2,0
4,-4,0,28,346,40,0,4,0
4,-4,0,62,958,94,8,4,0
4,-4,0,18,138,10,0,0,0
6,-2,0,78,794,118,8,0,0
0,0,0,21,281,36,2,2,0
8,-6,0,60,708,88,8,6,2
0,0,0,26,256,45,3,1,0
2,-2,0,48,350,80,0,2,0
8,-8,0,42,612,64,4,4,0
4,6,0,6,170,10,2,0,0
0,0,0,4,11,1,0,0,0
0,0,0,4,8,2,0,1,0
8,34,0,30,478,60,2,0,0
4,2,0,68,418,40,4,4,0
3,-3,0,0,0,0,0,0,0
2,14,0,48,588,78,2,4,0
8,4,0,60,402,30,4,2,0
4,6,0,24,218,40,0,0,0
4,-4,0,2,8,2,0,0,0
0,0,0,11,37,4,0,2,0
0,0,0,18,84,8,0,2,0
4,-4,0,0,0,2,0,0,0
4,-4,0,28,334,58,0,0,0
8,46,0,28,298,52,0,2,0
0,0,0,11,118,26,0,0,0
2,-2,0,2,24,2,0,0,0
2,2,0,94,546,48,2,0,0
12,32,0,36,488,66,4,0,0
2,-2,0,68,290,30,2,2,0
4,-4,0,56,248,22,4,0,0
2,8,0,28,124,10,0,2,0
6,-6,0,2,20,8,0,0,0
6,-6,0,2,12,2,0,0,0
2,44,0,46,268,38,0,0,0
4,8,0,28,312,46,0,2,0
10,44,0,74,748,100,4,2,2
8,8,0,60,614,86,2,4,0
14,56,2,40,434,58,2,0,0
4,28,0,52,522,82,4,6,0
10,10,0,30,404,44,4,4,0
4,-2,0,40,664,74,4,0,0
4,0,0,34,170,18,0,4,0
0,0,0,17,252,28,0,2,0
14,44,0,46,584,72,4,2,0
4,8,0,38,398,54,4,0,2
4,-4,0,2,16,2,0,0,0
6,0,0,52,692,88,4,4,4
2,14,0,20,192,40,4,2,0
0,0,0,14,99,10,1,0,0
6,-2,0,44,448,38,0,0,0
2,12,0,34,350,62,4,2,0
8,34,0,42,342,50,2,0,0
4,18,0,68,344,40,2,2,0
12,66,0,34,408,62,2,0,0
8,34,0,34,574,40,10,0,2
0,0,0,21,199,31,2,0,0
8,14,0,38,248,58,0,0,0
10,54,0,80,460,54,0,4,0
8,22,2,56,326,30,0,2,0
10,80,0,30,382,46,2,2,0
10,48,0,68,536,40,0,2,0
6,20,0,40,490,78,0,2,0
10,84,0,52,510,84,0,0,0
8,16,0,40,496,52,6,0,0
4,20,0,44,564,74,2,0,0
18,88,0,100,492,58,2,0,0
2,4,0,100,574,60,4,2,0
0,0,0,8,74,6,1,0,0
4,28,0,62,622,90,0,0,0
8,50,0,42,346,68,4,0,0
12,66,0,48,580,80,2,2,0
10,156,2,36,290,52,4,0,0
12,58,0,38,442,56,2,0,0
10,70,0,72,398,46,2,2,0
8,30,2,96,726,68,4,2,0
4,18,0,38,254,18,2,0,0
4,-6,0,52,588,76,6,2,0
14,66,0,40,506,50,0,0,0
8,14,0,48,428,34,4,0,0
4,14,0,28,274,40,4,0,0
8,26,0,68,492,38,2,0,0
4,34,0,38,372,50,6,0,2
14,74,0,48,576,82,6,4,0
6,26,0,60,462,46,4,0,0
18,84,3,69,720,102,0,3,0
12,108,0,30,250,44,4,2,0
8,92,2,72,488,50,2,2,0
10,12,0,30,306,46,4,2,0
14,112,2,74,586,54,2,0,0
18,122,0,48,312,28,4,4,0
4,18,0,42,310,32,4,0,0
10,50,0,62,772,90,0,0,0
8,92,0,52,586,84,4,2,0
18,30,0,44,486,66,6,0,0
12,70,0,38,510,60,4,0,0
8,48,0,48,452,56,0,0,2
8,66,0,62,404,28,2,0,2
10,38,0,68,526,50,4,2,0
16,114,0,42,446,72,4,0,0
6,34,0,36,594,60,4,0,0
12,9,0,78,792,51,3,3,3
2,26,0,18,232,44,2,2,0
10,38,0,74,648,58,6,0,0
8,52,0,52,586,78,2,2,0
4,4,0,74,372,40,0,0,4
12,80,0,48,450,72,4,0,0
2,0,0,72,684,50,6,0,0
10,104,0,42,460,90,4,0,0
8,50,2,34,354,58,0,0,0
12,72,0,38,404,70,2,6,0
10,54,0,44,380,34,2,2,0
4,-2,0,22,216,32,0,0,0
4,20,2,62,522,48,2,2,0
2,140,0,66,732,38,8,0,0
6,-6,0,66,474,50,2,0,0
4,4,0,88,440,52,2,0,0
6,42,0,32,362,60,2,0,0
20,66,0,44,546,70,0,0,0
10,6,0,70,736,56,8,0,0
12,42,2,56,528,42,4,2,0
8,42,0,56,502,42,2,0,0
8,26,0,78,608,50,2,0,0
12,94,0,32,306,58,0,4,2
4,10,0,40,468,72,4,0,0
10,46,2,32,324,44,4,0,0
8,58,0,28,256,62,0,0,0
6,-6,0,50,540,42,2,0,2
6,30,0,32,382,50,0,4,0
6,10,0,42,502,64,2,0,0
16,114,0,60,756,92,8,0,2
6,0,0,0,0,2,0,0,0
6,4,0,4,26,10,0,0,0
2,-2,0,18,170,26,0,0,0
2,28,0,74,508,50,4,4,0
2,-2,0,8,36,4,0,0,0
6,36,0,28,292,48,2,2,0
10,38,2,42,592,88,6,2,0
6,40,0,70,404,44,4,0,0
2,2,2,80,506,42,2,0,0
6,34,2,34,388,24,4,0,0
4,-4,0,48,294,28,0,2,0
2,-2,0,0,0,4,0,0,0
4,8,0,40,500,54,4,0,0
8,54,0,76,386,44,0,2,2
2,-2,0,4,78,4,2,0,0
6,46,2,74,492,44,0,6,0
4,-6,0,66,536,38,2,4,0
8,28,0,70,462,44,4,2,0
12,30,2,50,336,28,2,0,0
2,36,0,80,396,46,2,6,0
0,0,0,11,48,6,0,2,0
8,48,0,84,508,46,2,2,0
0,0,0,42,184,19,1,1,0
6,32,0,82,262,44,0,0,2
6,10,0,54,598,78,2,0,0
2,26,0,82,392,48,0,2,0
4,-8,0,78,538,50,4,2,0
4,6,0,4,20,6,0,0,0
4,8,0,46,540,84,2,2,0
2,-2,0,66,442,36,2,2,0
0,0,0,22,232,14,1,2,1
6,2,0,32,332,52,2,2,0
6,20,0,70,616,102,0,0,0
6,57,0,117,729,78,3,3,0
0,0,0,38,208,19,1,2,0
6,-6,0,58,372,40,2,2,0
0,0,0,4,30,10,0,0,0
0,0,0,16,82,28,1,2,0
0,0,0,18,216,44,0,1,0
0,0,0,23,316,39,2,3,0
0,0,0,10,58,6,1,0,0
4,2,2,26,366,44,4,0,0
6,-6,0,2,0,0,0,0,0
2,0,0,48,580,64,4,2,0
0,0,0,0,0,1,0,0,0
2,-2,0,4,30,12,0,0,0
0,0,0,1,6,1,0,0,0
0,0,0,26,243,37,0,2,0
2,0,0,36,396,70,2,4,2
2,-2,0,16,162,26,0,2,0
6,22,0,40,458,78,0,2,0
4,16,0,66,472,36,0,0,0
3,-4,0,0,0,0,0,0,0
0,0,0,40,440,58,2,0,0
2,-2,0,0,0,0,0,0,0
4,-2,0,32,426,44,4,0,0
0,0,0,1,20,1,0,0,0
0,0,0,1,10,1,0,0,0
0,0,0,0,0,1,0,0,0
0,0,0,1,0,0,0,0,0
0,0,0,0,0,1,0,0,0
0,0,0,1,4,1,0,0,0
0,0,0,1,18,1,0,0,0
0,0,0,1,0,0,0,0,0
0,0,0,1,6,1,0,0,0
0,0,0,1,19,1,0,0,0
0,0,0,1,0,0,0,0,0
0,0,0,1,28,1,0,0,0
0,0,0,0,0,1,0,0,0
0,0,0,0,0,0,0,0,0
10,54,0,12,70,4,0,2,0
0,0,0,0,0,0,0,0,0
0,0,0,0,0,0,0,0,0
6,54,0,2,0,0,0,0,0
0,0,0,0,0,0,0,0,0
14,136,0,22,360,60,2,2,2
1,-1,0,0,0,0,0,0,0
0,0,0,0,0,0,0,0,0
0,0,0,0,0,0,0,0,0
0,0,0,0,0,0,0,0,0
0,0,0,0,0,0,0,0,0
0,0,0,0,0,0,0,0,0
0,0,0,0,0,0,0,0,0
0,0,0,0,0,0,0,0,1
0,0,0,1,43,1,0,0,0
0,0,0,0,0,0,0,0,0
0,0,0,0,0,0,0,0,0
0,0,0,1,0,0,0,1,0
0,0,0,0,0,0,0,0,0
6,28,0,36,434,46,4,2,0
4,-2,0,72,526,98,4,2,0
0,0,0,11,106,21,0,3,0
2,-2,0,46,450,64,2,0,0
12,40,0,44,524,58,6,0,0
4,10,0,34,558,46,6,2,0
4,6,0,60,596,84,2,0,2
0,0,0,22,299,34,2,1,0
2,-2,0,36,398,58,0,4,0
6,2,0,46,500,76,4,2,0
0,0,0,29,358,48,2,2,0
2,-2,0,72,712,90,6,4,0
2,14,0,50,1012,72,10,2,0
6,12,0,28,412,60,6,0,0
2,24,0,36,390,54,0,0,2
4,-2,0,42,500,64,4,0,2
0,0,0,17,210,24,3,0,0
0,0,0,19,176,29,1,0,0
2,14,0,30,382,38,4,0,0
2,-2,0,22,208,40,6,0,0
0,0,0,23,281,37,1,3,0
2,-2,0,34,452,54,4,2,0
4,-4,0,38,586,62,4,0,0
8,-2,0,44,530,62,6,0,2
6,56,0,36,436,40,8,0,0
0,0,0,18,170,30,1,1,0
2,-4,0,36,550,52,8,0,2
4,4,0,36,454,56,4,4,0
0,0,0,28,324,41,2,1,0
0,0,0,4,29,3,1,0,0
0,0,0,4,43,6,0,0,0
8,4,0,56,634,94,2,4,0
2,30,0,54,488,74,4,0,0
2,16,0,68,674,102,4,2,0
2,2,0,34,418,56,2,0,0
4,-4,0,42,410,52,6,0,0
0,0,0,10,128,24,1,0,0
0,0,0,20,246,27,3,0,0
14,20,0,70,568,44,0,2,0
2,-2,0,0,0,0,0,0,0
0,0,0,2,22,3,0,0,0
2,18,0,88,440,52,2,2,0
10,22,0,52,762,76,2,0,0
2,12,0,40,454,60,6,2,2
4,-2,0,66,460,48,2,0,0
2,-2,0,62,560,96,4,4,0
2,22,0,46,490,34,4,6,0
6,58,0,36,530,64,0,2,2
6,18,0,56,580,78,6,4,2
8,62,0,36,450,72,2,2,0
2,2,0,52,462,74,4,2,2
2,-2,0,66,302,38,4,2,0
4,24,0,52,706,82,2,2,0
8,20,0,36,404,62,0,2,0
0,0,0,16,138,12,2,1,0
2,10,0,38,630,62,4,0,2
2,-2,0,74,426,44,4,2,0
6,48,0,38,516,48,6,0,0
6,-4,0,54,690,80,4,2,2
8,8,0,76,526,50,6,0,0
10,50,0,46,352,68,8,0,0
4,24,0,58,432,32,2,2,0
6,44,2,56,578,72,4,4,2
2,6,0,60,504,34,2,2,0
0,0,0,17,157,12,0,1,1
0,0,0,15,226,24,2,1,0
4,6,0,42,380,68,2,2,2
4,42,0,40,312,54,2,0,0
0,0,0,3,28,8,0,1,0
6,78,0,46,344,72,0,0,0
0,0,0,2,6,1,0,0,0
4,-2,0,76,572,38,2,0,0
8,54,0,48,716,66,4,0,2
0,0,0,34,349,49,2,2,0
2,4,0,62,504,40,2,0,0
2,0,0,84,622,68,6,0,0
2,2,0,24,166,12,2,6,0
6,32,0,42,484,66,4,2,0
10,42,0,62,660,86,6,4,0
0,0,0,21,250,40,1,1,0
8,18,0,38,400,62,2,0,0
2,2,0,62,470,36,4,4,0
8,22,0,40,318,60,2,0,0
4,16,0,98,548,56,0,6,0
4,22,2,44,422,66,2,0,0
4,16,0,52,184,24,2,2,0
6,40,0,48,524,72,4,0,0
2,0,0,56,562,86,4,2,0
4,30,0,40,444,70,2,2,0
2,10,0,56,328,40,0,2,0
0,0,0,17,130,27,1,0,1
6,48,0,16,240,18,2,2,0
2,40,0,34,388,62,4,6,0
4,0,0,44,544,74,2,4,2
6,22,0,44,530,62,6,4,0
8,30,0,52,504,90,4,0,2
2,18,0,54,634,94,4,6,2
6,58,0,44,512,68,4,4,0
10,28,0,46,450,76,4,0,2
4,18,2,64,682,92,4,2,0
0,0,0,1,6,1,0,0,0
0,0,0,1,7,1,0,0,0
6,36,0,8,48,18,0,2,2
6,20,2,26,370,44,0,4,0
8,68,2,16,158,22,2,0,0
4,18,0,36,468,68,2,4,0
10,136,2,46,598,74,2,0,0
4,56,0,18,162,22,0,2,0
4,14,0,12,114,22,0,0,0
0,0,0,6,91,12,1,2,1
12,100,0,34,370,68,0,4,0
10,6,0,22,250,40,0,0,0
6,34,0,36,298,48,6,0,0
4,20,0,34,296,60,4,0,0
12,28,0,44,532,66,4,0,0
6,58,0,50,652,82,4,2,0
2,-2,0,0,0,0,0,0,0
4,8,0,14,152,38,0,2,0
3,-3,0,0,0,0,0,0,0
1,6,0,0,0,0,0,0,0
12,46,2,48,856,74,4,0,0
16,138,0,36,306,72,0,2,4
4,28,0,16,94,38,0,0,0
4,-4,0,10,76,12,0,0,0
0,0,0,0,0,1,0,0,0
18,108,2,30,406,50,4,0,2
10,94,0,6,12,16,0,0,0
2,2,0,12,62,18,0,2,0
16,78,0,20,264,36,4,0,0
10,190,0,26,402,60,2,4,2
16,82,0,28,496,54,0,0,0
18,66,0,38,248,52,2,0,0
2,48,0,26,406,52,2,2,0
1,3,0,0,0,0,0,0,0
8,36,0,42,392,56,2,0,0
14,158,0,12,210,28,0,0,0
4,-4,0,4,26,6,0,0,0
8,6,0,36,384,22,0,0,0
0,0,0,11,129,20,0,3,0
4,0,0,108,632,56,6,4,0
0,0,0,28,250,20,0,4,2
2,-2,0,30,162,12,0,4,0
0,0,0,32,212,20,1,0,0
0,0,0,43,362,30,2,3,1
6,0,0,0,0,2,0,0,0
0,0,0,40,323,24,2,5,0
0,0,0,17,158,26,0,1,1
6,30,0,52,586,86,6,2,0
0,0,0,27,99,15,0,1,0
6,-6,0,42,410,54,4,2,0
0,0,0,23,273,49,3,1,0
2,22,0,4,50,8,0,0,0
2,-2,0,86,794,66,4,0,0
4,6,0,28,280,62,0,4,0
8,14,0,50,538,76,4,0,0
6,24,0,46,644,80,0,6,0
0,0,0,3,5,1,0,0,0
10,10,0,48,586,72,6,0,0
2,4,0,42,584,74,6,2,0
4,2,0,38,550,56,2,0,0
2,-4,0,38,460,62,2,0,0
0,0,0,11,49,4,0,0,0
0,0,0,17,232,30,2,0,0
2,-2,0,0,0,0,0,0,0
0,0,0,12,78,9,0,0,0
2,-2,0,22,310,44,0,0,2
6,-2,0,42,600,68,4,4,0
2,-2,0,32,430,82,0,2,2
4,38,0,14,268,26,2,2,0
0,0,0,18,236,34,1,1,1
2,18,2,74,664,46,4,2,0
0,0,0,11,34,4,0,0,0
0,0,0,18,192,30,0,2,0
0,0,0,24,204,40,1,0,0
6,-6,0,72,604,56,4,0,0
2,6,0,98,468,48,0,2,0
2,0,0,16,434,34,2,0,0
4,0,0,92,706,58,4,0,0
2,28,0,48,624,62,4,2,0
2,30,0,24,246,44,0,2,0
4,8,0,38,580,50,2,0,0
0,0,0,40,249,25,1,1,0
6,-12,0,40,660,100,2,2,0
2,-2,0,68,272,30,0,8,2
0,0,0,3,37,3,0,0,0
2,0,0,98,604,60,0,0,0
6,-6,0,98,634,60,4,0,2
8,2,0,30,396,46,0,0,0
2,-4,0,60,642,108,6,6,0
2,-1,0,0,0,0,0,0,0
2,-2,0,46,470,70,4,0,0
1,-1,0,0,0,0,0,0,0
0,0,0,5,11,2,0,1,0
0,0,0,4,79,6,0,0,0
2,-2,0,0,0,0,0,0,0
0,0,0,37,277,24,3,1,0
0,0,0,47,281,29,1,1,0
2,-4,0,32,418,58,2,4,2
2,-2,0,16,336,24,4,0,0
2,-1,0,0,0,0,0,0,0
3,-3,0,0,0,0,0,0,0
2,-2,0,2,0,0,0,0,0
0,0,0,1,34,4,0,2,0
6,-12,0,54,478,46,2,2,2
0,0,0,1,0,0,0,0,0
4,-2,0,2,0,0,0,0,0
0,0,0,3,23,4,0,0,0
1,-1,0,0,0,0,0,0,0
2,0,0,0,0,0,0,0,0
0,0,0,0,0,0,0,0,0
0,0,0,0,0,0,0,0,0
26,224,0,38,434,58,2,4,0
0,0,0,0,0,0,0,0,0
0,0,0,0,0,0,0,0,0
0,0,0,0,0,0,0,0,0
0,0,0,0,0,0,0,0,0
0,0,0,0,0,0,0,0,0
6,38,0,2,24,8,0,2,0
0,0,0,0,0,0,0,0,0
18,212,2,20,176,38,0,4,0
18,100,0,30,252,48,0,0,0
3,9,0,3,3,3,0,0,0
8,72,0,38,562,56,2,0,0
12,120,0,36,432,68,2,6,0
0,0,0,0,0,0,0,0,0
0,0,0,0,0,0,0,0,0
2,-12,0,0,0,0,0,0,0
20,188,0,44,576,82,0,4,0
1,-1,0,0,0,0,0,0,0
0,0,0,0,0,0,0,0,0
18,98,0,42,414,76,4,0,2
0,0,0,0,0,0,0,0,0
0,0,0,0,0,0,0,0,0
6,9,0,9,15,3,0,0,0
10,38,2,22,244,52,0,2,2
22,62,0,36,442,46,4,0,0
6,8,0,4,40,10,0,0,0
0,0,0,0,0,0,0,0,0
0,0,0,0,0,0,0,0,0
0,0,0,0,0,0,0,0,0
0,0,0,0,0,0,0,0,0
0,0,0,0,0,0,0,0,0
12,63,3,15,105,9,0,0,0
0,0,0,0,0,0,0,0,0
4,6,0,58,518,96,2,0,0
0,0,0,32,329,49,3,2,0
6,-8,0,28,316,54,0,2,0
4,12,0,20,476,34,8,0,0
2,16,0,60,716,92,4,4,0
2,0,0,60,616,86,2,2,0
0,0,0,17,190,31,1,2,0
2,20,0,48,460,64,4,0,0
2,-2,0,62,566,86,4,2,2
4,4,0,44,386,78,0,0,0
0,0,0,24,299,38,2,1,1
0,0,0,3,40,5,0,0,0
2,2,2,76,710,114,2,4,0
4,-6,0,32,352,46,2,0,2
14,76,2,78,574,38,4,2,0
2,12,2,60,584,44,0,0,0
14,8,2,48,454,36,2,0,2
4,32,0,60,358,34,2,0,0
8,40,0,54,494,42,6,0,0
4,24,0,90,454,50,0,0,0
8,74,2,72,502,50,6,2,0
12,74,0,36,278,24,2,0,2
4,26,0,76,604,48,6,2,0
12,26,0,60,664,40,6,0,0
8,42,0,68,364,42,0,4,0
6,50,0,72,504,40,6,2,0
2,12,0,54,494,36,6,2,2
0,0,0,27,179,20,0,2,0
8,40,2,72,558,64,0,0,0
2,2,0,74,330,34,2,4,0
8,70,0,40,424,30,6,0,0
4,32,0,72,602,54,6,0,0
6,32,0,44,286,28,0,0,0
8,72,2,48,496,38,2,0,0
16,78,2,48,390,34,2,0,0
2,18,0,16,74,8,0,0,0
12,64,2,54,424,36,0,4,0
6,54,2,66,498,42,4,0,0
12,84,2,60,352,40,0,0,4
6,32,2,36,366,26,4,0,0
10,6,0,64,490,46,4,0,0
6,48,0,100,476,60,4,4,0
10,56,0,44,204,22,4,0,0
8,52,2,50,468,32,6,0,0
4,20,0,62,290,36,0,6,2
0,0,0,13,52,7,0,0,0
0,0,0,1,10,2,0,0,0
0,0,0,21,191,38,1,1,0
0,0,0,3,11,7,0,1,0
1,-4,0,0,0,0,0,0,0
0,0,0,0,0,1,0,0,0
14,18,0,28,354,56,0,2,2
2,-2,0,22,192,12,0,2,0
2,8,0,38,472,82,0,2,0
16,48,0,56,298,30,2,2,0
2,0,0,30,420,62,2,2,0
0,0,0,20,190,53,0,1,0
6,32,0,18,250,44,2,2,2
4,10,0,44,468,78,2,2,4
10,26,0,42,404,64,0,2,0
16,26,0,30,386,50,0,2,0
14,34,2,38,432,64,4,0,2
4,8,0,32,494,58,2,0,0
0,0,0,5,68,5,1,0,0
0,0,0,4,60,5,0,0,0
2,-3,0,0,0,0,0,0,0
0,0,0,1,0,0,0,0,0
0,0,0,0,0,1,0,0,0
0,0,0,1,25,1,0,0,0
0,0,0,1,44,1,0,0,0
0,0,0,1,16,1,0,0,0
0,0,0,2,19,4,0,0,1
6,42,0,38,436,74,2,2,0
6,-6,0,20,334,44,2,0,0
2,32,0,40,420,70,2,0,2
6,4,0,18,494,32,4,0,2
4,22,0,30,316,62,0,4,0
4,4,0,42,314,60,2,4,0
6,-6,0,10,66,10,0,0,0
6,10,0,28,316,40,4,0,0
4,-2,0,2,0,0,0,0,0
1,-1,0,0,0,0,0,0,0
0,0,0,3,3,1,0,1,0
0,0,0,5,63,6,1,0,0
0,0,0,1,10,3,0,0,0
8,0,0,32,316,40,0,0,2
4,20,0,32,362,54,0,4,0
2,-2,0,0,0,0,0,0,0
24,68,0,78,396,46,2,0,0
14,120,2,48,770,72,4,2,0
16,62,0,34,358,70,0,0,0
4,20,0,78,668,54,6,0,0
4,28,0,28,404,42,8,2,2
8,76,2,52,590,42,4,4,0
20,80,0,40,574,52,2,0,4
16,100,0,36,412,54,2,2,0
10,-2,0,30,344,46,2,0,0
14,212,2,46,626,72,4,0,0
14,50,2,28,418,58,2,8,0
20,72,0,90,700,58,8,0,2
14,52,0,98,746,58,8,0,0
6,32,0,20,278,36,4,0,0
2,12,0,46,584,64,10,0,0
6,22,0,68,506,44,0,2,0
12,72,2,38,434,52,4,4,0
12,176,2,40,678,62,4,0,0
14,44,0,30,536,44,6,0,0
2,4,0,24,328,16,6,0,0
12,24,0,52,458,38,6,2,0
8,32,0,86,516,54,2,2,2
16,160,0,66,302,34,0,4,0
14,58,0,38,382,56,4,0,0
6,64,0,96,732,62,6,4,0
3,-6,0,111,675,72,0,0,0
12,98,0,60,450,34,4,4,0
10,92,0,42,498,60,6,0,0
12,56,0,40,470,60,2,0,0
20,156,0,38,412,60,4,2,0
10,78,0,60,284,28,2,0,2
12,14,0,74,540,50,0,0,0
6,42,0,30,426,46,2,2,0
8,60,0,82,904,52,8,2,0
20,154,0,90,594,48,4,4,0
10,14,0,50,640,66,2,0,2
10,72,0,58,442,36,4,0,0
16,106,0,36,482,60,2,0,0
4,36,0,34,404,50,4,0,0
12,62,0,62,454,40,6,0,0
20,154,0,24,246,46,0,2,0
16,142,0,40,356,64,4,0,0
20,96,2,44,526,74,4,0,0
14,50,2,68,456,40,4,2,0
16,58,0,36,470,58,6,0,4
8,38,0,78,480,44,2,10,0
12,70,0,40,398,64,2,2,0
18,58,0,42,186,28,4,0,0
18,60,0,48,520,58,6,0,0
4,24,2,28,252,56,0,2,0
10,-10,0,64,618,46,6,0,0
10,32,0,74,396,48,2,2,0
27,120,0,72,774,102,6,3,0
20,146,0,34,422,44,2,0,0
6,-6,0,60,448,46,4,0,0
8,20,0,16,196,20,6,0,0
12,64,0,38,420,60,2,2,0
10,38,0,64,476,44,4,0,0
10,54,0,24,336,48,2,2,0
16,134,0,30,374,52,2,0,0
18,102,2,42,548,54,6,0,0
20,122,0,46,514,62,0,0,0
14,172,2,84,516,52,4,2,2
6,32,0,36,206,18,0,0,0
6,78,0,24,494,42,4,2,0
6,58,0,72,554,52,2,2,0
22,244,2,36,402,48,4,0,0
14,70,0,30,472,44,2,0,0
10,28,0,70,508,44,0,0,2
28,214,2,20,344,34,0,4,0
4,64,0,22,216,54,2,2,0
12,78,0,50,578,82,4,2,2
10,0,0,32,430,50,2,0,2
2,6,0,46,486,30,2,0,0
4,8,0,64,516,38,2,0,0
12,14,0,34,478,50,0,2,0
6,40,0,38,574,52,4,0,0
10,42,0,52,284,26,2,2,0
10,26,0,56,394,38,6,0,0
16,94,0,44,620,60,6,0,0
26,204,0,30,420,62,4,2,2
6,52,0,36,412,50,4,0,0
14,40,0,36,470,48,2,4,0
16,62,0,64,502,82,2,2,0
20,66,0,16,284,38,2,2,0
24,57,0,93,816,54,3,0,0
12,104,0,28,480,64,2,2,0
10,100,0,62,542,34,6,6,0
2,4,0,30,398,50,2,2,0
8,28,0,42,690,60,10,0,0
6,20,2,52,564,40,4,0,0
4,28,0,26,460,36,4,0,0
0,0,0,22,219,41,2,1,0
6,4,0,60,550,102,2,0,0
2,0,0,66,436,42,2,4,4
0,0,0,18,179,34,2,1,0
4,-2,0,48,386,86,2,4,2
2,8,0,40,462,46,4,0,0
6,26,0,38,342,56,2,2,0
0,0,0,45,301,31,1,2,1
4,6,0,32,316,52,0,0,2
2,0,0,38,498,64,4,2,0
2,26,0,52,512,88,4,0,2
0,0,0,40,213,26,1,0,0
0,0,0,24,314,44,2,1,0
4,6,0,28,360,42,0,2,2
0,0,0,11,75,10,1,0,0
8,-34,0,28,494,42,4,0,0
6,40,0,52,546,86,4,2,0
6,8,0,44,202,30,2,2,0
0,0,0,21,302,42,2,1,0
6,34,0,34,520,66,4,4,0
2,0,0,18,180,50,4,4,0
8,26,0,34,336,46,4,0,0
6,38,0,34,242,48,2,0,0
8,-6,0,22,278,42,2,2,0
10,18,0,82,424,46,2,2,2
6,4,0,54,320,34,4,0,0
0,0,0,8,47,4,0,0,0
0,0,0,1,3,1,0,0,0
0,0,0,2,19,3,0,0,0
0,0,0,6,19,3,0,0,0
2,-2,0,0,0,0,0,0,0
4,4,0,30,384,42,2,0,0
8,42,0,44,400,70,2,0,2
6,16,0,44,560,64,4,4,0
4,0,0,76,474,48,8,0,0
2,2,0,34,300,64,2,0,0
8,24,0,56,650,84,6,0,0
10,-10,0,34,526,52,4,0,2
0,0,0,27,322,45,2,1,2
6,-6,0,66,374,40,2,0,0
2,4,0,36,336,66,0,0,0
2,0,0,22,78,8,0,2,0
4,26,0,48,414,74,4,2,2
8,44,0,42,662,74,2,2,0
10,82,0,60,856,96,6,2,0
2,2,0,20,248,26,2,2,0
0,0,0,7,89,10,1,0,0
18,44,0,42,474,68,6,0,0
6,2,0,32,394,50,4,0,0
8,-6,0,6,42,6,0,0,2
0,0,0,17,200,36,0,1,0
0,0,0,0,0,1,0,0,0
4,34,0,42,460,50,4,0,0
6,28,0,44,812,56,14,0,0
2,6,0,66,390,46,4,0,0
16,76,0,24,456,36,6,0,2
2,4,0,22,282,60,2,8,0
2,20,0,38,394,56,0,2,0
4,-4,0,30,326,46,0,0,0
2,18,0,20,84,12,0,0,0
2,-2,0,0,0,0,0,0,0
12,46,2,22,358,44,2,2,0
2,-2,0,2,70,2,0,0,2
2,-2,0,44,446,32,4,0,0
6,4,2,44,592,62,6,0,0
8,22,2,36,594,54,2,0,4
2,4,0,60,456,92,0,6,0
6,50,0,22,160,58,0,0,0
0,0,0,3,49,4,1,0,0
4,10,0,42,496,68,4,4,0
0,0,0,38,163,19,1,1,0
2,2,0,42,390,86,0,4,0
18,94,2,34,596,52,0,0,0
6,-6,0,28,382,46,2,0,0
4,28,0,72,822,124,4,4,0
2,-2,0,32,342,48,6,0,0
4,-4,0,30,292,70,0,2,0
0,0,0,38,336,58,3,2,0
4,8,0,44,570,52,2,0,0
0,0,0,8,94,13,1,2,0
2,0,0,78,662,62,2,0,0
4,12,0,44,596,68,2,2,0
2,4,0,78,660,52,0,0,2
0,0,0,36,411,49,2,3,0
6,16,0,40,378,66,2,2,0
2,0,0,58,754,78,6,0,0
4,-4,0,86,688,62,2,0,0
2,8,0,48,526,86,0,2,0
0,0,0,30,212,17,1,1,0
0,0,0,31,319,18,2,0,0
2,-4,0,88,742,54,2,2,2
0,0,0,30,242,22,3,1,0
0,0,0,33,356,54,4,3,0
6,22,0,72,838,94,6,0,0
4,-4,0,70,808,84,4,4,0
0,0,0,26,280,42,1,0,0
2,0,0,86,642,56,4,2,0
0,0,0,30,206,17,2,1,0
0,0,0,26,311,36,3,2,0
10,14,0,38,436,58,2,0,0
2,0,0,80,580,44,2,0,0
2,10,0,74,774,56,6,0,0
0,0,0,17,205,31,2,1,0
2,8,0,46,504,74,2,2,0
4,18,0,72,486,50,2,0,0
2,34,0,60,504,82,6,4,0
6,-6,0,66,550,48,4,0,0
2,2,0,54,784,78,6,0,0
4,28,0,58,682,92,4,4,0
0,0,0,35,401,42,3,1,0
0,0,0,43,503,65,2,0,0
0,0,0,35,365,48,2,1,0
0,0,0,31,277,49,1,0,0
6,20,0,54,434,36,4,0,0
2,20,0,48,440,34,8,0,2
0,0,0,47,267,20,2,3,0
0,0,0,36,227,20,1,3,0
2,6,0,24,276,46,0,6,2
0,0,0,30,359,21,4,2,0
8,-6,0,38,402,58,2,2,2
8,38,0,68,766,90,6,2,0
8,16,0,38,356,60,0,2,0
0,0,0,40,237,20,0,3,0
2,0,0,92,644,46,4,2,0
4,8,0,32,256,24,2,0,0
2,-2,0,44,386,68,2,0,0
6,-2,0,58,582,70,2,2,0
4,-2,0,74,470,42,4,2,0
2,4,0,40,582,68,0,4,2
2,6,0,48,464,82,2,4,0
0,0,0,21,246,34,1,1,1
10,-10,0,66,868,54,6,0,0
0,0,0,33,192,22,3,1,0
0,0,0,39,236,21,2,3,2
0,0,0,21,249,28,3,0,1
2,10,0,42,482,54,4,2,2
10,18,0,58,600,86,8,0,0
2,36,0,28,390,58,8,2,0
6,18,0,24,332,40,4,0,0
10,26,0,44,626,68,6,0,0
4,6,0,40,576,56,6,2,0
2,0,0,56,602,74,6,0,0
4,20,0,42,476,72,2,2,0
0,0,0,38,347,22,2,0,1
0,0,0,20,184,24,1,0,0
4,-8,0,72,536,50,2,0,0
4,10,0,70,456,42,4,2,0
2,2,0,76,538,44,4,4,0
0,0,0,26,183,15,2,0,0
6,4,0,44,458,66,6,2,0
22,34,0,56,568,74,6,0,0
2,-2,0,46,716,76,6,0,0
8,10,0,88,516,42,6,2,0
4,22,0,36,512,50,4,0,0
0,0,0,18,202,35,0,1,0
0,0,0,29,178,18,1,0,0
6,36,0,52,450,30,4,4,0
2,-2,0,44,474,66,2,0,0
0,0,0,32,251,20,2,0,0
4,-4,0,22,118,14,0,0,0
0,0,0,1,10,1,0,0,0
14,62,2,56,208,24,0,2,0
10,92,0,36,472,54,2,0,2
16,96,2,56,392,34,0,0,0
12,38,2,54,672,82,2,4,2
10,42,0,20,168,38,4,2,2
12,84,0,50,328,34,0,0,0
14,88,0,48,562,74,6,0,0
20,88,0,34,528,70,4,2,2
12,34,0,46,582,64,0,2,0
8,2,0,52,640,80,6,2,0
0,0,0,3,33,4,0,0,0
10,22,0,32,440,46,0,2,0
4,44,0,4,76,6,0,0,0
18,154,0,38,492,78,0,2,2
24,176,0,48,414,64,2,0,0
10,74,0,52,380,24,0,2,0
10,64,0,80,464,58,4,2,2
10,48,0,60,658,98,4,4,0
14,48,0,36,502,56,2,2,0
6,20,0,36,454,62,2,0,0
12,74,0,64,652,100,0,2,2
8,22,0,22,212,38,0,0,2
22,168,0,36,596,58,4,2,0
6,4,0,58,534,74,0,0,2
8,58,0,24,328,52,2,2,0
10,14,0,30,264,60,2,4,2
12,82,0,46,414,64,2,4,0
12,44,0,34,254,54,0,2,0
14,132,0,44,168,26,0,2,0
2,12,0,52,490,34,6,0,0
4,32,0,50,424,36,2,0,0
4,-4,0,4,0,0,0,0,0
0,0,0,1,0,0,0,0,0
1,14,0,0,0,0,0,0,0
8,44,2,76,490,52,0,0,0
0,0,0,1,0,1,0,0,0
9,45,0,72,516,42,3,6,3
6,88,2,50,174,24,0,2,0
6,38,0,72,478,42,0,6,2
2,0,0,6,18,2,0,2,0
10,96,0,80,260,34,0,4,0
14,62,0,92,530,70,6,0,0
2,6,0,66,314,36,2,6,0
2,-2,0,0,0,0,0,0,0
2,-2,0,0,0,2,0,0,0
2,-2,0,0,0,0,0,0,0
2,-2,0,6,62,10,0,0,0
2,-2,0,0,0,0,0,0,0
6,32,0,32,314,54,0,0,0
14,118,0,42,400,60,2,0,0
0,0,0,1,16,1,0,0,0
6,-6,0,2,34,6,0,2,0
0,0,0,2,4,2,0,0,0
2,-2,0,0,0,0,0,0,0
3,-2,0,0,0,0,0,0,0
0,0,0,5,24,3,0,1,0
6,-12,0,46,492,36,6,0,0
6,24,0,88,582,56,2,2,2
12,62,0,48,570,58,4,0,0
8,92,0,90,574,54,6,2,0
6,38,0,30,302,56,2,2,4
6,32,0,60,418,40,4,0,2
6,66,0,44,448,64,2,0,0
8,64,0,58,442,38,6,0,0
6,66,0,82,702,52,6,0,0
8,24,0,50,520,72,6,0,0
6,58,2,72,426,40,2,2,2
12,56,0,50,692,84,6,0,2
6,14,0,84,588,62,2,2,2
12,86,0,90,580,52,6,6,0
10,16,0,40,548,60,2,0,0
2,10,0,50,636,78,4,4,0
14,68,0,48,528,84,6,0,0
6,38,0,62,504,38,0,0,0
8,54,2,48,546,72,4,2,0
12,120,0,76,492,56,8,0,0
4,14,0,112,652,78,6,0,2
4,32,0,48,666,70,10,0,0
2,-2,0,44,408,78,2,2,0
4,24,0,46,548,66,2,0,0
2,24,0,38,356,68,2,4,0
10,44,0,48,736,76,4,0,0
6,54,0,44,436,70,4,0,0
4,28,0,32,510,58,4,0,0
8,46,0,84,626,56,6,2,0
12,52,0,78,626,60,4,0,0
6,-6,0,68,960,84,8,0,0
4,0,0,80,724,50,8,0,0
4,28,2,34,452,44,4,0,0
12,86,0,86,594,52,6,2,0
6,12,0,32,424,68,4,0,0
10,44,0,48,410,30,8,0,0
4,16,0,70,666,122,4,0,0
12,46,0,50,498,66,4,0,0
4,62,0,28,154,44,0,0,0
8,44,0,50,738,96,8,2,0
2,-2,0,72,420,42,4,0,0
4,26,2,76,694,56,8,0,0
0,0,0,23,189,33,1,1,0
0,0,0,4,18,2,0,0,0
20,84,0,78,600,54,8,0,0
10,42,0,34,630,64,2,2,0
0,0,0,16,162,27,1,0,0
2,-2,0,52,358,36,8,0,0
8,32,2,68,398,40,4,0,0
0,0,0,12,156,17,3,0,0
0,0,0,31,318,40,1,0,1
6,42,0,38,510,44,6,0,0
10,30,0,90,518,46,4,4,0
16,78,0,38,482,60,4,4,2
2,18,0,2,54,4,0,0,0
6,56,0,78,514,52,4,2,0
6,54,0,34,370,84,0,4,0
0,0,0,18,315,27,6,0,0
4,42,0,88,522,48,4,2,0
4,22,0,52,354,34,2,0,0
16,70,0,36,378,46,6,0,0
6,48,0,52,488,86,2,4,0
4,26,0,42,666,74,6,2,0
4,16,0,100,686,66,4,2,2
8,66,0,44,404,86,2,2,0
12,68,0,38,418,58,4,0,0
2,16,0,44,604,56,8,0,0
10,56,0,48,654,72,6,0,0
4,32,0,86,712,56,4,2,0
8,-8,0,48,632,70,6,0,2
6,64,0,44,682,72,6,0,0
4,42,2,56,836,78,2,4,0
0,0,0,0,0,0,0,0,0
0,0,0,0,0,0,0,0,0
0,0,0,0,0,0,0,0,0
0,0,0,0,0,0,0,0,0
0,0,0,0,0,0,0,0,0
0,0,0,0,0,0,0,0,1
0,0,0,0,0,0,0,0,0
0,0,0,0,0,0,0,0,0
0,0,0,0,0,0,0,0,0
0,0,0,0,0,0,0,0,0
0,0,0,0,0,0,0,0,0
0,0,0,0,0,0,0,0,0
0,0,0,0,0,0,0,0,0
0,0,0,0,0,0,0,0,0
0,0,0,0,0,0,0,0,0
0,0,0,2,100,2,2,0,0
0,0,0,0,0,0,0,0,0
0,0,0,0,0,0,0,0,0
0,0,0,0,0,0,0,0,1
0,0,0,0,0,0,0,0,0
0,0,0,0,0,0,0,0,0
0,0,0,0,0,0,0,0,0
0,0,0,0,0,0,0,0,0
0,0,0,0,0,0,0,0,0
0,0,0,0,0,0,0,0,0
0,0,0,0,0,0,0,0,0
0,0,0,0,0,0,0,0,0
0,0,0,0,0,0,0,0,0
0,0,0,0,0,0,0,0,0
0,0,0,0,0,0,0,0,0
0,0,0,0,0,0,0,0,0
0,0,0,0,0,0,0,0,0
0,0,0,0,0,0,0,0,0
0,0,0,0,0,0,0,0,0
0,0,0,0,0,0,0,0,0
4,2,0,32,338,52,2,4,2
6,-6,0,52,630,84,4,0,0
0,0,0,2,37,3,0,0,0
2,-2,0,4,136,10,0,2,0
0,0,0,15,126,21,1,0,1
2,-2,0,4,40,8,0,0,0
2,20,0,36,504,70,0,0,2
8,-16,0,26,310,38,2,0,0
6,-6,0,36,426,58,4,0,0
2,-2,0,6,50,8,0,0,0
0,0,0,8,99,15,0,0,0
3,-2,0,0,0,0,0,0,0
6,16,0,46,426,64,4,4,0
6,2,0,60,564,94,2,0,0
2,2,0,34,294,60,2,2,0
12,44,0,74,432,40,0,2,0
6,32,0,58,392,34,0,0,2
6,66,0,58,314,32,2,2,2
8,24,0,18,184,12,0,0,0
8,14,0,48,444,28,4,2,0
8,46,0,54,410,34,0,0,2
10,28,4,48,518,34,2,0,0
16,96,2,38,206,22,0,0,0
16,28,2,68,628,44,0,2,0
10,36,2,60,316,34,0,0,0
6,16,0,66,430,32,2,0,0
6,20,0,44,138,22,2,0,0
12,72,0,72,348,42,2,4,0
4,24,0,60,616,40,4,0,2
2,12,0,78,466,50,4,2,0
10,62,0,74,400,44,0,0,0
10,30,0,74,424,42,2,0,0
10,36,0,50,228,30,2,0,0
2,6,0,50,558,70,2,2,0
8,2,0,72,454,42,4,0,0
4,-4,0,54,388,30,6,0,0
0,0,0,36,225,21,2,1,1
0,0,0,26,321,51,2,3,0
0,0,0,39,134,19,1,0,1
6,44,2,98,576,60,4,0,0
0,0,0,45,261,25,0,1,0
0,0,0,28,207,19,3,1,0
0,0,0,47,366,35,3,2,0
2,8,0,58,490,92,8,2,0
2,-2,0,50,492,78,0,0,0
0,0,0,28,362,49,1,4,0
6,-8,0,56,264,20,2,2,0
0,0,0,36,220,20,2,1,1
0,0,0,46,228,31,1,2,0
4,-4,0,74,392,48,0,0,0
6,-6,0,24,280,44,2,2,0
2,10,0,90,526,54,0,4,2
4,46,0,54,584,80,4,0,2
0,0,0,18,163,33,1,2,0
2,0,0,30,468,58,2,6,0
0,0,0,24,334,52,2,3,0
0,0,0,30,350,41,6,0,0
6,0,0,44,470,56,2,2,0
0,0,0,23,250,34,3,0,0
2,10,0,52,554,78,4,4,0
0,0,0,22,280,45,1,5,0
2,-2,0,54,226,26,0,2,0
0,0,0,18,156,31,0,5,0
0,0,0,16,191,23,2,1,0
6,-4,0,54,674,62,8,0,2
6,-4,0,40,424,70,6,2,0
0,0,0,23,279,32,2,0,0
0,0,0,10,152,24,1,1,0
0,0,0,32,239,22,1,1,0
2,28,0,24,238,46,0,2,0
0,0,0,63,356,38,1,3,0
6,10,0,46,400,78,2,0,0
2,22,0,88,598,46,2,2,2
4,-6,0,38,400,60,4,0,0
2,2,2,56,600,78,8,2,0
6,-6,0,50,782,64,6,0,0
4,16,0,54,900,84,8,6,0
0,0,0,43,302,24,2,0,1
0,0,0,9,75,6,1,1,0
0,0,0,37,273,28,2,0,1
2,22,0,42,496,66,6,0,0
8,-8,0,82,736,64,0,0,2
0,0,0,29,283,44,1,1,1
2,0,0,38,256,22,2,0,0
0,0,0,16,174,30,2,0,0
6,8,0,88,480,56,6,4,0
4,-4,0,56,386,34,2,2,4
2,-2,0,42,468,56,4,0,0
2,16,0,40,386,72,0,0,0
0,0,0,27,180,17,0,0,0
0,0,0,28,429,53,1,1,0
2,24,0,48,378,76,2,4,0
2,-2,0,52,426,80,4,4,0
4,6,0,26,302,46,0,0,0
2,4,0,36,594,68,2,2,0
4,-4,0,46,512,84,2,2,0
0,0,0,20,259,32,1,2,0
2,-2,0,78,390,48,4,4,0
2,2,0,70,398,36,2,0,2
0,0,0,57,434,37,3,1,0
0,0,0,28,201,20,2,0,0
4,10,0,70,410,38,0,0,0
0,0,0,14,239,26,1,3,0
0,0,0,38,350,25,1,2,0
2,36,0,54,718,104,4,0,2
0,0,0,26,260,42,1,1,0
0,0,0,29,338,40,3,1,0
8,-8,0,26,340,48,0,0,0
0,0,0,46,403,32,3,2,0
4,24,0,36,434,74,2,2,4
2,22,0,82,882,108,6,2,0
2,20,0,48,722,88,4,0,2
0,0,0,24,247,34,1,0,2
4,-8,0,72,514,44,8,4,0
6,10,0,60,478,36,0,0,0
8,-2,0,60,454,50,4,0,0
6,20,0,70,260,34,0,4,0
6,-6,0,28,468,34,4,0,0
0,0,0,30,219,16,0,0,0
6,12,2,30,544,60,0,2,0
0,0,0,31,271,21,0,2,0
12,32,0,50,500,70,4,2,2
8,38,0,40,370,84,0,2,0
2,44,0,42,280,34,2,0,0
6,-2,0,58,608,42,8,4,0
6,52,0,40,700,68,6,0,0
6,28,0,60,532,36,4,0,2
6,20,0,30,542,50,2,0,2
2,4,0,74,462,44,0,0,0
8,-4,0,50,278,28,2,0,0
2,40,0,46,472,40,4,0,0
10,80,0,88,560,54,4,4,2
14,40,2,60,564,42,4,0,0
4,0,0,24,272,52,2,0,4
2,4,0,36,338,68,0,2,0
2,6,0,106,582,64,2,8,0
6,0,0,58,378,42,2,0,0
0,0,0,9,32,5,0,0,0
6,14,2,64,642,54,6,2,0
2,26,0,32,318,58,2,2,0
4,2,0,52,380,28,4,2,0
0,0,0,13,170,24,1,1,0
0,0,0,46,296,27,1,1,0
8,8,0,28,206,46,2,0,0
2,18,0,62,376,40,0,2,0
4,26,0,44,402,86,6,0,2
6,40,0,76,560,54,2,0,0
4,30,0,76,478,48,2,2,0
12,36,0,66,738,50,6,0,0
4,4,0,28,248,44,0,2,0
2,4,0,36,336,68,0,4,0
0,0,0,37,167,20,0,0,0
0,0,0,43,288,27,2,1,0
2,6,0,64,460,44,4,2,2
4,2,0,16,50,10,0,0,2
6,0,0,72,520,46,0,0,0
2,22,0,58,352,36,0,0,0
4,0,0,72,442,36,2,4,4
2,-2,0,0,0,0,0,0,0
0,0,0,13,62,7,0,0,2
2,-2,0,98,730,62,2,2,0
0,0,0,44,219,19,1,0,1
0,0,0,12,63,6,0,0,0
0,0,0,37,252,22,0,2,1
8,-8,0,20,254,38,0,2,2
4,24,0,74,362,32,4,6,0
6,18,0,68,374,34,2,2,0
4,40,0,88,566,54,0,0,0
6,52,0,56,386,34,2,4,0
4,-4,0,30,332,48,0,2,0
4,10,0,82,522,46,2,6,0
8,62,2,38,506,52,4,2,0
18,150,3,63,741,123,3,6,0
10,26,0,52,598,78,2,2,0
12,98,0,26,406,54,4,2,0
16,38,2,26,270,38,0,0,0
4,-4,0,2,0,0,0,0,0
2,10,0,30,424,46,2,0,2
8,26,0,68,456,32,2,0,0
18,68,0,32,436,58,2,2,0
10,52,0,60,640,84,4,0,0
6,60,0,30,136,16,2,0,0
6,6,0,32,308,50,0,2,0
4,20,0,48,716,66,12,0,0
4,-4,0,6,216,16,2,0,0
8,20,0,28,412,44,2,0,0
4,22,0,20,62,10,0,2,0
10,44,0,72,780,100,4,0,0
6,44,0,72,804,116,8,4,0
2,6,0,42,272,16,0,4,0
4,0,0,60,420,40,4,0,0
8,0,0,42,544,68,4,0,0
10,42,0,44,554,74,8,0,0
6,18,0,74,550,44,4,0,0
6,20,0,64,580,44,6,4,0
12,28,0,50,536,74,2,4,0
8,30,0,70,378,38,4,2,0
6,60,0,30,386,68,4,4,0
6,2,0,34,362,52,2,2,0
10,58,0,44,590,78,4,0,2
6,26,2,44,528,66,4,0,2
4,2,0,64,538,44,4,0,2
10,24,2,38,432,78,2,4,0
4,26,0,52,592,82,6,0,2
8,24,0,38,454,70,2,0,0
10,32,0,42,524,64,4,2,0
0,0,0,14,139,19,2,0,0
2,18,0,76,510,50,2,0,0
8,52,0,44,444,56,2,0,0
2,24,0,8,92,10,0,0,0
4,-2,0,30,358,48,4,2,0
14,68,2,40,578,68,2,6,0
6,44,0,88,376,40,0,12,0
10,42,0,68,748,48,2,0,0
2,4,0,62,348,32,0,2,0
2,-2,0,28,240,18,2,0,0
2,12,0,44,488,68,4,2,0
12,66,0,34,342,58,0,4,0
4,6,0,24,162,10,0,2,0
2,8,0,26,344,48,2,2,0
6,46,0,42,526,72,6,0,0
8,26,0,70,566,116,4,6,0
6,32,0,6,60,12,0,0,0
16,108,2,42,402,74,2,6,2
2,2,0,90,604,50,4,4,0
6,2,0,44,624,72,4,0,0
0,0,0,34,362,62,2,2,0
0,0,0,16,171,24,0,0,0
8,40,0,34,324,62,2,4,0
4,4,0,36,486,48,2,0,0
2,-2,0,72,538,46,4,0,0
0,0,0,18,117,32,0,2,0
6,14,0,70,690,124,2,2,0
2,2,0,60,384,100,2,6,0
0,0,0,22,235,38,0,1,0
4,14,0,68,662,36,6,0,2
8,-4,0,76,474,58,4,0,0
0,0,0,18,28,8,0,2,0
2,14,0,104,522,68,4,4,0
6,50,0,48,500,82,4,2,0
2,12,0,92,420,60,2,0,0
0,0,0,35,269,20,2,1,0
2,12,0,40,684,68,4,0,2
2,8,0,40,280,72,4,4,2
8,16,0,40,442,60,2,0,0
0,0,0,32,362,49,2,1,0
4,34,0,68,632,90,6,4,2
4,4,4,38,420,70,2,0,0
12,84,0,64,282,40,0,0,0
0,0,0,26,252,40,1,1,0
2,18,0,30,202,20,2,0,0
2,12,0,70,538,46,2,0,0
8,12,0,44,422,66,2,0,0
0,0,0,22,287,33,3,0,0
2,4,0,60,606,90,4,2,0
2,0,0,78,372,54,2,0,0
0,0,0,49,267,32,0,1,0
4,24,0,34,390,68,0,4,0
0,0,0,17,121,9,1,1,0
0,0,0,25,347,50,2,5,0
4,38,0,72,468,50,2,2,0
6,0,0,40,378,66,2,2,2
4,-2,0,56,366,44,2,2,0
2,8,0,32,516,50,4,4,0
16,16,0,36,518,58,4,0,0
10,6,0,42,332,58,4,0,0
8,14,0,48,502,70,2,0,0
2,10,0,42,390,100,4,6,0
0,0,0,17,273,26,1,1,0
4,26,0,40,444,76,0,0,0
14,32,2,50,538,66,4,2,0
4,6,2,38,450,62,4,0,0
8,12,0,38,434,62,2,2,0
6,-6,0,24,564,46,4,0,0
6,24,2,80,428,58,0,4,0
2,4,0,82,360,48,0,4,0
2,-2,0,68,434,50,4,2,0
2,-2,0,60,412,32,4,2,2
4,4,0,64,768,90,4,2,0
2,6,0,44,654,62,6,0,0
0,0,0,21,306,29,5,0,0
0,0,0,44,262,30,1,1,0
8,6,2,84,576,52,2,0,0
0,0,0,28,292,45,4,2,0
2,2,2,104,596,64,2,0,2
6,24,0,60,482,36,2,2,0
2,6,0,82,592,60,6,4,0
0,0,0,47,203,25,2,1,0
4,-8,0,88,496,50,0,4,0
4,28,0,48,430,68,2,0,0
0,0,0,27,299,44,1,2,0
6,24,0,42,480,72,6,0,0
4,26,0,38,538,64,0,2,0
0,0,0,33,343,53,2,2,0
6,-8,0,52,444,38,0,0,0
0,0,0,47,381,36,4,1,0
6,-4,0,32,338,54,2,0,0
2,44,0,56,490,100,6,6,0
0,0,0,49,235,31,1,2,0
8,4,2,50,638,74,2,0,0
2,0,0,96,614,52,0,0,0
2,2,0,104,648,74,4,2,0
4,0,2,44,520,76,0,4,0
8,-6,0,68,516,46,2,0,2
0,0,0,0,0,1,0,0,0
0,0,0,0,0,1,0,0,0
6,38,2,78,602,60,2,0,2
0,0,0,10,139,16,0,1,1
6,10,0,60,854,96,6,2,0
8,2,2,40,604,58,2,0,0
6,22,0,64,644,44,6,0,0
4,0,0,52,392,36,4,0,0
2,2,0,50,392,86,2,4,0
2,24,2,74,316,40,0,6,0
0,0,0,23,203,27,1,0,0
10,16,0,74,598,38,6,2,0
0,0,0,20,158,14,0,1,0
2,-2,0,82,520,58,2,2,0
8,8,0,60,750,42,6,0,0
4,20,0,42,394,72,2,2,0
6,14,0,54,358,36,2,0,0
2,12,0,44,438,62,2,0,0
2,4,0,60,730,50,6,0,0
2,6,0,38,338,98,0,4,2
4,22,0,94,630,64,0,2,2
2,8,0,44,414,60,2,2,4
6,36,0,80,606,60,6,2,0
2,0,0,6,62,20,0,0,0
2,16,0,86,658,60,0,4,0
0,0,0,7,59,16,0,0,0
2,2,2,62,580,92,2,0,0
10,60,4,58,540,36,2,0,0
2,24,0,38,514,66,2,8,2
0,0,0,22,217,40,1,1,0
10,-8,0,62,730,92,8,0,0
4,8,0,42,566,72,4,0,0
8,52,2,74,660,50,4,2,0
4,40,0,92,728,56,2,2,0
4,4,2,92,658,58,2,0,2
14,76,0,48,440,28,4,0,0
8,12,0,42,468,28,4,2,0
8,10,4,90,654,52,2,2,0
2,2,0,42,438,64,2,4,0
0,0,0,35,287,22,1,2,0
0,0,0,24,354,38,2,3,0
6,12,0,74,502,52,4,4,2
0,0,0,15,176,12,3,0,0
6,-2,0,112,916,76,4,2,0
4,-2,0,42,392,62,2,4,0
0,0,0,30,316,49,1,2,0
4,16,0,68,526,36,4,2,0
0,0,0,27,183,21,3,1,0
2,-2,0,44,500,66,4,0,0
6,30,2,66,634,80,6,0,2
6,8,0,62,484,38,4,2,0
6,-10,0,70,592,42,4,0,0
2,4,0,106,898,82,6,0,0
0,0,0,20,324,25,4,0,0
8,26,2,48,600,62,2,2,0
6,8,0,62,494,42,0,0,2
4,0,2,74,542,42,2,2,2
4,16,0,54,302,30,2,2,0
2,0,0,78,526,52,2,2,2
0,0,0,29,381,45,3,2,1
6,22,2,44,638,56,8,0,0
2,2,0,10,96,18,0,4,0
2,4,0,26,418,60,2,2,2
0,0,0,1,43,1,1,0,0
4,10,0,48,740,80,6,4,2
6,0,0,26,394,48,2,0,0
6,36,0,52,376,78,0,2,0
4,14,0,42,454,66,0,0,0
4,20,0,52,584,86,4,4,0
6,10,0,32,492,52,2,0,0
0,0,0,22,232,26,0,1,0
6,14,0,14,146,14,2,0,0
4,4,0,36,366,66,2,4,0
4,22,2,30,400,48,4,0,2
0,0,0,26,289,53,1,3,0
0,0,0,1,-2,2,0,0,0
2,-10,0,8,138,12,2,0,0
4,40,0,34,298,84,2,2,0
6,-6,0,2,16,2,0,0,0
10,12,0,22,210,36,2,0,0
6,14,0,34,484,66,4,2,0
6,122,0,28,234,66,0,0,0
8,34,2,32,500,60,6,0,4
12,108,0,82,504,44,4,2,0
4,38,0,70,482,46,2,2,0
6,26,0,74,514,46,2,0,0
14,72,2,66,414,38,4,0,0
8,64,0,48,762,80,4,4,2
12,96,0,36,442,68,2,4,2
6,26,0,42,250,22,2,0,0
6,36,0,62,488,40,8,0,0
10,62,0,100,764,64,4,6,0
4,-2,0,48,644,72,10,0,0
6,20,0,40,410,78,2,2,0
2,4,0,42,420,74,0,2,0
4,50,0,44,376,90,4,2,0
8,62,0,56,596,100,2,0,0
10,136,0,42,388,70,2,0,0
8,8,0,60,308,34,2,0,2
6,10,0,54,736,70,8,4,0
10,-6,0,26,364,58,4,2,0
10,66,0,86,492,46,2,4,0
0,0,0,29,326,21,3,0,0
6,54,0,70,618,52,4,0,0
6,42,0,78,602,50,2,0,4
4,18,0,42,484,60,2,2,2
8,58,0,68,446,40,2,4,2
4,4,0,78,640,48,2,2,0
4,54,0,36,546,66,4,0,0
6,68,0,100,658,62,4,4,2
4,60,0,28,446,48,4,4,0
8,52,0,44,366,80,2,4,0
2,42,0,46,606,66,8,2,0
10,74,0,34,318,62,2,6,0
8,28,0,44,382,72,0,4,0
10,40,0,76,518,48,2,0,0
10,100,0,26,230,52,2,0,0
6,34,0,76,388,48,4,6,0
10,76,0,64,672,92,2,2,0
16,162,0,52,252,26,4,0,0
2,18,0,28,190,16,0,2,0
10,68,0,102,546,56,2,4,0
8,44,0,108,674,66,6,0,0
8,22,0,52,660,36,2,0,2
6,2,0,66,542,40,2,2,2
4,58,2,84,362,38,0,4,2
0,0,0,32,239,17,0,2,1
10,48,0,30,292,54,0,2,0
12,66,0,60,658,98,4,2,0
12,124,4,66,320,38,0,2,0
8,76,0,70,280,30,2,2,0
8,20,0,44,494,66,4,2,0
2,18,0,68,316,30,0,4,0
4,-10,2,56,184,24,0,2,0
2,6,0,70,404,44,4,4,0
12,-2,0,54,536,36,4,0,0
12,88,2,46,594,76,2,2,0
6,6,0,44,580,74,0,2,0
8,74,0,60,662,106,6,6,0
10,48,0,58,506,74,2,4,0
9,21,0,114,975,78,3,0,0
0,0,0,1,-8,1,0,0,0
0,0,0,1,0,0,0,0,0
8,16,2,84,530,58,2,2,0
2,0,0,10,44,4,0,0,0
8,38,0,70,514,46,0,2,0
2,-2,0,72,464,38,0,0,0
0,0,0,2,19,2,0,0,0
2,14,0,18,28,4,0,0,0
2,0,0,72,470,40,2,4,2
6,66,0,56,238,30,0,2,0
4,32,0,78,358,38,2,4,0
0,0,0,3,0,0,0,1,0
0,0,0,25,135,11,1,2,0
4,64,0,58,532,36,2,0,0
4,-2,0,36,438,70,6,2,0
6,36,0,36,528,92,0,2,0
0,0,0,18,183,30,0,1,0
2,4,0,50,770,84,4,2,0
2,2,0,38,370,66,2,0,0
12,20,0,78,596,56,6,0,0
4,26,0,54,674,76,10,0,0
4,8,0,104,624,50,6,6,4
4,0,0,30,632,50,4,2,2
4,28,0,82,584,58,8,2,0
6,44,0,84,682,60,4,0,0
2,10,0,44,434,72,2,4,0
6,48,0,38,724,92,4,2,0
6,-6,0,62,418,38,0,0,0
8,4,2,44,692,64,4,0,0
0,0,0,22,217,33,1,0,0
8,34,0,52,498,34,6,2,0
2,-2,0,50,524,80,2,0,0
12,62,2,44,564,70,0,0,0
4,44,0,46,440,70,4,0,2
2,2,2,92,520,52,0,2,2
2,10,0,36,512,52,4,0,0
0,0,0,28,357,51,3,0,0
0,0,0,36,219,23,2,1,0
2,22,0,90,846,54,0,0,0
6,30,0,64,410,36,0,0,0
0,0,0,34,390,45,2,0,1
4,2,0,48,484,76,4,2,0
2,4,0,40,376,64,2,6,0
4,12,0,52,594,92,6,8,0
4,12,0,50,496,86,8,2,0
10,4,0,56,714,86,4,2,0
6,46,0,42,244,30,4,0,2
6,18,0,48,650,94,4,2,0
4,0,0,66,556,48,0,0,0
6,-4,0,52,622,68,6,0,0
8,4,0,44,486,78,0,4,0
8,60,0,80,464,46,2,0,0
8,58,0,40,434,82,6,0,2
2,16,0,44,660,70,6,4,2
4,22,0,82,770,56,6,2,0
0,0,0,35,229,23,2,0,1
2,18,0,56,646,84,2,2,4
4,-2,0,50,560,80,4,2,0
2,16,0,54,582,96,2,2,0
4,18,0,36,470,68,2,6,0
10,22,0,58,602,74,4,0,0
2,-2,0,66,474,50,4,0,0
2,4,0,34,306,56,2,0,0
4,34,0,72,426,46,0,4,0
12,16,2,48,586,68,4,0,0
4,2,0,54,598,80,4,4,0
2,0,0,70,500,40,4,2,2
4,26,0,78,546,48,0,2,0
10,28,0,62,540,46,8,0,0
6,24,2,66,976,96,2,4,0
12,16,0,44,492,68,0,4,2
6,6,0,62,598,42,4,0,2
4,38,0,90,528,50,2,0,0
2,-2,0,50,444,84,0,4,0
8,40,0,64,572,106,4,2,0
0,0,0,24,203,35,0,0,0
6,16,0,36,442,62,2,2,0
12,74,0,54,810,84,8,2,0
4,10,0,78,680,62,6,0,0
0,0,0,44,381,36,1,2,0
8,30,2,70,446,42,2,4,0
3,-3,0,93,846,135,3,6,3
6,4,0,58,584,48,2,2,2
10,16,2,46,484,70,2,2,2
2,0,0,66,722,52,4,0,0
12,-2,0,20,296,50,0,0,2
4,2,0,48,556,72,4,0,2
8,-2,0,44,508,50,6,0,0
4,62,0,80,520,44,2,2,0
4,4,0,58,646,40,6,0,0
0,0,0,41,347,26,2,1,0
12,32,0,50,360,38,6,0,2
4,10,0,60,490,92,4,2,0
2,-2,0,38,492,60,4,4,0
2,14,0,70,406,38,2,2,0
0,0,0,41,240,27,1,0,0
4,8,0,48,180,22,2,4,0
2,4,2,82,470,48,0,4,2
2,-2,0,64,322,28,2,4,0
2,-2,0,56,584,44,6,0,0
0,0,0,25,135,13,0,0,0
6,-6,0,86,708,56,4,2,0
0,0,0,20,120,13,0,0,0
8,22,0,62,268,34,0,0,0
8,18,0,42,248,22,2,0,0
2,4,0,62,440,42,4,2,0
6,2,0,50,448,30,2,2,0
0,0,0,21,120,14,2,1,0
4,26,2,74,470,44,2,2,0
0,0,0,22,311,14,4,0,0
2,-2,0,72,510,42,4,0,0
6,-12,0,76,602,44,8,0,2
8,6,0,74,710,50,6,0,0
0,0,0,32,214,20,3,1,1
4,4,0,52,398,32,4,0,2
4,16,0,74,450,46,0,0,0
2,44,0,94,576,44,0,4,2
4,0,0,66,520,40,4,4,0
8,14,0,46,498,36,2,0,0
0,0,0,39,262,23,1,1,0
8,62,0,50,332,34,4,0,2
4,-2,0,38,432,62,2,0,0
4,42,2,26,308,56,2,2,4
4,0,2,78,374,52,0,4,0
0,0,0,43,322,25,1,0,2
6,32,2,54,696,72,8,0,0
6,2,2,54,418,34,6,2,0
6,24,2,72,914,102,4,0,0
10,78,0,54,602,86,4,4,0
6,20,0,98,682,50,4,4,0
10,26,2,40,280,28,2,0,0
4,14,0,24,92,12,0,2,2
8,42,0,52,540,64,0,0,4
0,0,0,23,355,36,2,0,0
4,22,0,54,236,28,2,0,2
4,12,0,28,230,46,2,2,0
8,66,0,28,408,40,2,0,0
2,0,0,62,448,44,0,2,2
6,-6,0,60,388,46,4,2,0
10,36,0,36,422,68,6,2,2
2,0,0,30,380,58,0,2,0
8,16,0,40,500,78,4,4,2
0,0,0,6,62,9,1,0,0
6,24,0,40,426,78,4,4,2
6,42,0,94,708,62,4,4,0
2,0,0,66,514,52,4,0,0
4,56,0,72,614,38,6,0,2
6,54,0,44,366,70,4,4,0
0,0,0,12,147,26,0,1,0
4,12,4,32,358,42,0,2,0
6,24,0,50,682,96,2,4,2
2,-6,0,4,40,8,0,0,0
2,40,0,44,544,82,4,0,0
0,0,0,5,58,12,0,1,0
4,8,0,72,704,94,4,2,2
0,0,0,13,59,6,0,2,1
6,46,0,10,98,16,0,0,2
14,38,4,72,662,52,2,0,0
4,24,0,42,424,76,2,0,0
0,0,0,32,356,41,2,0,1
6,16,0,30,576,46,4,0,0
0,0,0,28,341,49,2,1,0
6,6,0,50,620,70,4,0,0
4,10,0,60,516,90,2,4,0
2,18,0,26,344,36,4,2,0
0,0,0,25,298,41,2,2,0
2,-2,0,52,568,32,2,0,0
2,-2,0,54,538,64,2,0,0
2,4,0,96,538,54,2,6,0
8,12,0,42,496,76,2,4,0
2,-2,0,22,322,28,6,0,0
0,0,0,18,265,27,2,1,0
0,0,0,22,253,31,2,1,0
0,0,0,18,187,35,0,2,0
6,10,0,66,290,36,4,4,2
4,-4,0,44,496,78,2,2,0
2,-2,0,48,604,82,6,4,2
6,12,0,72,664,38,2,2,0
0,0,0,44,291,28,1,0,0
4,-2,0,58,842,90,2,4,0
2,-2,0,40,634,62,8,4,0
6,-6,0,60,838,84,4,0,0
0,0,0,26,314,37,2,0,0
0,0,0,38,255,20,3,1,0
2,-2,0,92,600,60,6,0,0
2,-2,0,56,814,98,4,2,0
2,2,0,50,482,72,0,2,0
6,-6,0,38,350,56,2,6,0
4,-4,0,40,482,64,4,2,2
6,12,0,46,748,76,8,2,0
2,-2,0,58,704,92,2,2,0
0,0,0,26,356,40,2,0,0
2,22,0,76,396,40,4,4,0
4,2,0,74,542,48,4,0,0
0,0,0,50,287,26,0,4,0
6,28,0,38,614,64,6,0,0
0,0,0,41,349,25,3,2,0
0,0,0,20,329,42,2,0,0
10,-6,0,26,356,50,2,8,0
4,2,0,102,714,66,2,2,0
2,0,0,90,578,50,4,2,0
0,0,0,18,122,10,0,1,0
2,2,0,40,622,64,4,2,0
0,0,0,36,288,23,1,1,1
2,16,0,98,684,58,0,0,0
0,0,0,25,129,12,1,1,0
0,0,0,26,327,40,2,1,1
4,4,0,40,550,58,4,0,0
0,0,0,31,308,18,3,0,0
4,-4,0,34,370,48,8,2,0
6,12,2,48,542,80,0,0,0
8,58,0,48,608,74,4,0,2
0,0,0,40,318,28,2,0,0
2,-6,0,56,500,88,4,0,0
6,-2,0,68,426,46,2,0,0
4,-2,0,40,462,60,2,0,0
6,-4,0,58,726,96,6,2,4
10,-8,0,44,566,36,6,2,0
4,-4,0,44,498,68,6,2,0
6,14,0,96,650,58,4,0,0
0,0,0,46,363,35,3,1,1
0,0,0,40,235,23,1,4,2
0,0,0,20,274,32,1,0,0
8,38,0,30,204,24,2,0,0
14,88,2,46,386,28,0,0,0
2,4,0,72,356,40,0,0,0
0,0,0,35,297,21,1,0,0
4,6,0,92,628,62,2,6,0
6,44,0,50,256,24,2,2,2
6,106,0,64,328,28,0,2,0
8,64,0,32,226,16,2,0,2
10,6,0,14,214,8,0,0,0
4,10,2,64,542,50,2,0,0
12,106,0,60,358,36,2,0,2
8,24,0,66,294,34,0,4,0
10,38,2,70,358,34,0,4,0
8,24,0,76,664,44,6,0,0
10,32,0,52,368,32,0,0,0
2,0,0,24,226,12,4,0,2
6,28,0,70,554,46,4,4,0
6,28,2,94,650,58,0,4,0
6,12,0,54,734,42,2,0,6
2,6,0,60,408,36,2,0,0
2,12,0,70,494,34,4,6,2
0,0,0,10,61,5,0,0,0
2,0,0,88,768,64,6,2,2
6,22,0,92,668,52,2,0,0
2,10,0,42,594,58,4,0,0
12,36,0,32,420,66,4,4,0
6,18,0,104,486,54,2,8,2
6,36,0,70,598,54,6,0,0
8,12,0,60,438,36,2,0,0
6,36,0,70,404,40,2,2,2
2,8,0,80,656,56,4,6,0
8,20,0,30,590,58,4,2,0
8,18,0,26,418,38,2,0,0
10,36,0,64,540,42,4,0,2
4,10,0,58,726,100,4,2,2
6,26,0,76,420,42,0,4,2
4,16,0,26,134,14,0,0,0
10,24,0,56,440,42,4,2,0
8,0,0,38,492,58,10,0,0
12,46,2,28,414,42,2,0,2
10,30,2,36,454,54,2,2,0
6,48,0,36,364,64,2,0,0
6,48,2,38,498,72,0,0,0
8,2,0,60,560,40,2,2,0
4,20,0,76,570,52,4,4,2
0,0,0,17,261,36,1,1,0
4,0,2,44,528,78,0,4,0
10,44,0,78,662,48,2,0,2
6,32,0,64,360,32,4,0,0
4,28,0,74,522,46,6,0,2
8,26,0,116,810,72,6,2,2
6,54,0,40,490,72,2,2,0
8,6,0,66,562,46,8,2,0
8,24,0,52,574,86,4,8,0
10,64,2,102,726,56,2,6,0
6,48,2,32,354,58,2,0,0
2,-2,0,60,538,42,6,2,0
6,70,0,6,34,14,0,0,0
0,0,0,4,60,6,1,0,0
4,4,0,18,158,36,0,2,2
2,4,0,6,78,16,0,0,0
6,36,0,48,526,78,2,2,0
20,226,0,92,592,58,6,2,0
20,36,0,28,402,52,2,0,0
8,36,0,32,504,58,4,2,2
0,0,0,0,0,1,0,0,0
10,46,0,78,796,48,4,2,2
12,40,0,10,8,2,0,0,0
8,64,0,60,412,32,4,0,0
12,102,2,26,394,42,2,0,0
14,44,0,54,824,78,6,0,0
14,302,2,30,228,48,2,0,2
12,30,2,76,532,56,4,2,0
6,46,0,46,524,70,4,0,0
16,102,0,66,670,92,4,0,0
6,74,0,44,686,72,6,0,0
6,22,0,30,334,46,4,0,2
16,132,0,58,374,26,2,0,0
16,48,0,30,386,58,2,0,0
18,174,0,26,254,56,0,6,2
22,136,2,26,398,42,0,0,0
14,124,2,32,604,56,2,2,0
4,42,0,42,466,32,2,0,0
6,42,0,66,366,40,4,0,0
18,62,0,30,350,58,2,2,0
14,126,0,30,408,52,4,0,0
8,48,0,42,620,68,4,0,0
18,28,0,40,512,58,2,2,0
6,50,0,34,254,62,4,2,0
14,108,4,20,328,32,2,0,0
14,82,0,34,330,52,0,0,0
18,40,0,30,470,48,6,0,0
16,30,2,56,392,30,2,0,0
6,34,0,32,242,58,0,4,0
6,52,0,36,348,66,2,4,0
10,28,0,44,474,66,2,0,4
14,78,0,38,406,58,4,0,0
22,260,0,28,306,48,2,4,2
6,46,0,52,266,30,2,0,0
14,92,2,18,134,38,0,8,0
0,0,0,13,124,24,0,0,0
10,32,0,44,430,34,2,0,2
2,28,0,12,226,30,2,0,0
10,22,0,32,402,46,4,0,0
8,48,0,28,420,64,2,0,2
32,362,4,62,526,34,4,2,0
18,132,0,42,496,68,2,6,2
8,32,0,22,182,44,0,2,0
14,196,0,60,454,32,2,2,0
20,114,0,26,320,50,0,2,0
8,42,0,38,550,56,2,0,0
26,108,0,58,490,74,2,0,0
18,92,0,22,282,38,0,0,0
6,20,0,32,680,54,4,0,0
14,40,0,26,300,54,0,2,2
14,116,0,34,436,60,4,2,0
12,56,0,40,324,82,0,0,0
18,168,0,68,286,32,2,2,2
4,48,0,8,78,14,0,0,0
6,-6,0,22,256,14,2,0,0
6,24,0,62,784,94,6,0,2
3,-3,0,0,0,0,0,0,0
14,32,2,50,598,60,0,2,0
4,6,0,22,256,24,2,0,0
0,0,0,1,13,1,0,0,0
4,22,0,40,398,64,0,4,0
0,0,0,45,161,18,1,3,0
0,0,0,21,150,14,1,1,1
8,-6,0,14,40,6,2,0,0
8,-6,0,40,422,60,4,2,0
1,-1,0,0,0,0,0,0,0
0,0,0,28,274,41,1,0,0
2,4,0,42,378,90,0,2,0
0,0,0,12,150,27,0,1,0
2,12,2,54,488,116,2,2,0
2,-3,0,0,0,0,0,0,0
2,8,0,112,584,60,2,4,0
0,0,0,2,12,1,0,1,0
2,12,0,16,196,26,2,0,0
2,0,0,14,100,20,0,2,0
0,0,0,9,36,6,1,0,0
0,0,0,1,9,1,0,0,0
2,-2,0,48,456,78,2,2,0
6,-6,0,6,10,2,0,0,0
8,16,0,74,586,52,0,2,0
2,-2,0,0,0,0,0,0,0
12,36,0,99,792,72,3,0,3
2,-2,0,6,44,6,0,0,0
0,0,0,27,234,18,3,0,0
2,8,0,4,36,4,2,0,0
2,-2,0,0,0,0,0,0,0
6,-4,0,4,12,2,0,0,0
4,-6,0,2,0,0,0,0,0
0,0,0,4,6,1,0,0,0
1,-1,0,0,0,0,0,0,0
3,-4,0,0,0,0,0,0,0
4,-2,0,66,584,40,4,4,0
6,6,2,60,484,42,4,2,0
0,0,0,1,0,0,0,0,0
10,-6,0,66,668,40,2,2,0
2,-2,0,0,0,0,0,0,0
0,0,0,6,70,7,1,0,0
1,-1,0,0,0,0,0,0,0
8,32,0,20,180,34,0,0,0
0,0,0,86,762,62,2,0,0
4,-4,0,0,0,2,0,0,0
0,0,0,0,0,1,0,0,0
1,-1,0,0,0,0,0,0,0
6,-6,0,2,18,2,0,0,0
2,-2,0,2,12,6,0,0,0
0,0,0,2,16,2,0,0,0
0,0,0,1,0,1,0,0,0
6,4,2,14,258,16,2,0,0
4,-4,0,8,56,6,0,0,0
2,-6,0,86,404,64,2,0,0
4,2,0,74,556,44,4,0,0
4,14,0,64,422,36,4,2,0
4,10,0,92,628,64,2,2,2
8,66,2,72,508,48,0,2,0
12,60,0,90,696,58,2,2,2
12,44,0,62,352,42,2,0,0
10,12,0,56,276,32,2,4,2
8,16,2,84,340,44,0,2,0
2,26,0,86,490,54,4,0,0
12,50,0,60,444,32,6,0,2
2,20,0,62,602,46,4,0,0
9,48,0,180,924,108,3,9,0
6,32,0,82,582,46,8,2,0
10,58,0,72,454,46,6,0,0
4,4,0,44,358,22,0,0,0
12,22,0,60,608,42,8,2,0
8,-8,0,94,728,54,0,4,0
12,20,0,68,380,42,2,0,0
2,4,0,90,436,46,4,4,0
4,16,0,54,398,30,8,0,0
8,110,0,92,666,50,4,2,0
16,126,0,50,536,34,8,2,0
8,54,0,48,304,26,2,2,0
4,28,0,66,476,50,4,2,0
12,28,0,62,484,34,2,0,0
12,26,0,54,336,28,4,0,0
4,4,0,80,446,56,2,2,0
4,-2,0,66,488,42,0,0,2
2,6,0,36,182,22,2,0,0
2,-4,0,22,164,18,0,0,0
4,22,0,54,406,38,2,0,0
2,0,0,16,124,10,2,0,0
0,0,0,3,11,2,0,0,0
0,0,0,1,0,0,0,0,0
2,-2,0,38,242,20,0,2,0
2,4,0,28,256,14,0,2,0
2,6,0,82,672,52,4,0,0
0,0,0,3,5,1,0,0,0
4,32,0,46,204,24,2,2,2
10,134,2,48,250,30,0,0,0
16,82,0,66,602,44,4,4,0
12,46,0,58,450,34,6,2,0
6,62,0,62,522,32,10,0,0
16,134,0,60,804,38,8,6,0
8,48,2,68,566,50,8,2,0
20,108,0,50,534,32,2,4,0
8,38,0,44,562,68,2,0,0
4,2,2,16,190,34,0,2,0
22,100,2,46,442,64,4,0,0
18,46,2,42,434,52,2,0,0
6,12,0,64,474,36,2,6,0
20,152,2,36,390,74,4,2,0
8,30,0,42,458,76,4,2,0
4,12,0,50,612,80,4,6,2
22,108,2,66,388,36,2,2,0
16,200,0,50,680,90,10,0,2
18,100,0,68,422,42,0,4,2
12,20,4,52,586,42,4,0,0
28,104,2,50,320,32,0,2,0
28,116,0,62,484,40,8,0,0
22,88,0,64,308,36,2,2,0
10,190,0,70,508,42,8,0,0
18,98,0,36,388,70,2,2,0
16,72,0,86,396,36,2,4,0
8,12,0,26,362,44,2,2,0
18,60,2,40,484,52,6,0,0
8,40,2,28,394,48,2,6,0
10,136,2,36,526,58,4,4,0
16,88,2,58,632,44,6,2,0
12,102,0,54,366,34,4,0,0
14,92,2,34,284,60,0,0,2
12,18,0,38,510,70,4,2,2
12,96,0,44,320,68,2,0,0
14,32,0,64,450,40,2,0,0
20,98,0,56,662,82,10,2,0
6,0,0,74,600,42,4,0,0
28,70,0,36,350,62,2,2,0
8,50,0,42,616,78,0,6,2
24,126,2,36,402,62,2,2,0
14,90,2,30,446,54,6,2,0
14,52,2,70,524,42,0,6,0
12,74,0,80,706,48,8,2,2
24,166,2,42,452,66,6,0,0
14,0,0,66,710,52,6,0,0
6,24,0,64,364,28,2,0,0
20,52,0,30,408,34,2,0,0
12,90,0,82,530,36,0,2,4
22,140,0,50,274,26,2,2,0
18,114,2,30,594,60,6,2,0
14,60,2,40,538,72,2,4,0
22,6,0,44,322,32,2,0,0
14,86,2,20,302,56,0,2,2
6,12,2,56,492,28,4,2,2
20,82,0,32,496,70,4,2,2
14,86,0,54,424,28,0,0,0
18,56,2,56,336,22,0,0,0
4,2,2,94,644,54,4,2,0
14,70,0,36,396,64,4,2,2
4,14,0,48,500,70,2,0,2
24,144,0,30,298,54,4,2,0
22,142,2,104,478,56,2,6,0
4,14,0,28,394,50,2,0,0
16,102,2,38,348,76,2,2,0
16,62,0,54,320,20,2,2,0
14,82,0,34,410,62,2,2,0
8,32,0,42,492,68,10,0,0
12,102,2,20,228,32,2,0,0
10,60,0,46,584,74,4,4,0
18,172,2,48,274,26,0,0,0
10,54,0,64,456,40,0,0,0
14,24,0,32,546,48,2,0,0
14,34,0,32,338,64,0,2,0
14,66,2,40,630,62,4,0,0
6,8,0,30,530,42,6,0,0
24,90,2,32,366,54,0,0,0
34,214,2,58,568,92,4,2,0
10,76,0,32,250,46,2,0,0
10,60,0,50,330,28,2,0,0
22,74,0,46,492,72,4,4,2
24,102,0,22,248,44,4,0,2
6,32,2,52,334,34,0,6,0
10,44,2,46,498,74,2,4,0
10,14,0,66,384,28,2,0,0
14,124,0,38,418,56,6,0,0
22,118,0,68,360,28,2,6,0
24,48,0,24,342,44,0,2,2
20,94,4,56,670,38,4,2,0
12,38,2,32,346,44,2,2,0
10,58,0,36,368,66,0,8,0
2,28,0,22,258,40,0,0,0
2,2,0,2,0,0,0,0,0
2,6,0,42,450,88,4,4,0
8,26,0,54,592,78,2,2,2
0,0,0,2,35,1,0,0,0
10,48,0,46,476,78,2,0,0
8,6,2,36,420,64,2,0,0
14,18,0,40,490,56,4,0,0
8,12,0,32,404,52,2,0,0
6,46,0,36,300,54,4,0,0
4,16,0,40,172,18,0,0,2
4,34,0,44,310,78,2,2,0
6,22,0,4,0,0,0,0,0
12,44,2,56,526,84,2,2,0
12,80,0,38,486,84,2,0,0
4,30,0,52,318,26,2,0,0
0,0,0,17,106,11,0,1,0
16,76,0,48,596,84,4,4,2
4,4,0,2,20,2,0,0,0
20,74,2,34,386,48,4,2,2
1,-2,0,0,0,0,0,0,0
22,2,0,20,334,44,2,4,2
2,6,0,0,0,0,0,0,0
0,0,0,0,0,0,0,0,0
0,0,0,0,0,0,0,0,0
0,0,0,0,0,0,0,0,0
0,0,0,0,0,0,0,0,0
0,0,0,0,0,1,0,0,0
0,0,0,1,81,8,1,0,0
0,0,0,0,0,0,0,0,0
2,2,0,6,76,4,0,0,0
4,-4,0,18,130,14,2,2,0
8,14,0,12,84,8,0,0,0
1,-5,0,0,0,0,0,0,0
2,10,0,6,76,14,2,0,0
27,129,0,105,510,66,3,0,0
6,26,0,68,514,44,6,4,0
6,38,0,36,388,56,2,0,0
6,20,2,72,486,34,4,4,0
8,24,0,52,356,34,0,0,0
14,14,0,88,708,56,2,2,0
8,44,0,44,528,68,2,0,0
2,2,0,20,70,8,0,0,0
10,44,0,50,238,28,0,2,0
12,150,2,36,392,64,2,0,0
4,20,0,60,590,100,2,6,0
12,34,0,76,482,44,4,2,2
4,20,0,34,358,64,0,6,0
6,12,0,18,362,38,2,4,0
8,24,0,64,442,36,2,4,0
8,32,0,32,242,70,0,4,0
12,56,0,82,378,32,0,2,2
20,140,2,62,324,36,2,4,0
2,18,0,44,450,66,4,0,2
24,54,0,46,392,32,2,2,0
2,22,0,50,636,72,2,2,0
16,64,0,30,370,50,4,4,0
8,10,0,46,636,72,0,2,0
6,34,0,28,386,56,2,2,0
2,0,0,60,662,102,2,2,0
2,4,0,14,178,26,2,0,0
0,0,0,22,195,40,2,1,0
0,0,0,4,33,7,0,0,0
2,16,0,48,532,86,4,0,2
4,18,0,50,482,76,2,0,0
4,10,0,36,470,76,0,4,0
0,0,0,27,255,42,1,2,0
2,-2,0,0,0,0,0,0,0
0,0,0,3,36,6,0,0,0
4,-6,0,54,606,84,0,4,0
8,44,0,42,474,72,4,4,0
2,-2,0,28,360,46,0,4,0
6,-6,0,4,0,0,0,0,0
2,2,0,48,474,68,4,2,0
2,2,0,58,456,90,2,0,0
8,66,0,24,234,54,4,0,0
1,-2,0,0,0,0,0,0,0
6,6,0,46,478,64,0,0,0
4,6,0,48,578,62,6,0,0
0,0,0,21,174,34,0,1,0
0,0,0,30,192,47,2,2,0
0,0,0,28,230,23,3,0,0
4,18,0,48,388,82,4,4,0
4,10,0,62,236,38,2,4,0
8,10,0,48,660,74,6,0,2
0,0,0,41,211,24,1,2,0
4,4,0,32,346,56,0,0,0
2,2,0,48,346,78,0,4,0
4,-6,0,68,656,108,2,0,2
6,-6,0,48,506,36,4,0,2
8,-26,0,76,630,52,4,2,2
4,24,0,58,604,86,4,4,0
0,0,0,49,313,31,1,2,0
2,26,0,118,1026,80,8,0,2
4,2,0,56,486,38,2,2,2
8,84,0,46,552,94,4,4,0
2,-2,0,40,302,64,4,0,0
8,8,0,74,400,46,2,0,0
8,94,0,76,342,42,4,0,2
4,18,0,32,292,50,2,2,0
4,20,0,90,598,68,6,0,0
2,-2,0,72,574,44,2,0,0
2,-2,0,40,628,64,4,0,0
8,6,0,62,368,40,0,0,0
8,60,0,46,408,76,2,2,0
4,6,0,48,602,88,8,2,0
4,-4,0,62,590,42,6,2,0
4,8,0,70,520,38,4,0,0
0,0,0,25,198,14,1,2,0
8,-6,0,60,600,42,2,2,0
4,26,0,80,634,50,4,2,0
2,-2,0,52,498,78,2,2,2
4,24,0,66,388,42,2,2,0
4,4,0,44,508,56,6,0,0
2,-2,0,70,498,42,2,2,0
6,-4,0,70,398,50,8,0,0
4,0,0,32,344,68,0,0,2
10,10,0,60,426,38,2,2,0
0,0,0,49,237,28,1,1,0
4,6,0,82,234,34,0,0,0
4,46,0,60,702,92,6,2,0
6,12,0,36,316,72,2,2,2
4,32,0,76,638,48,2,0,0
2,30,0,104,834,58,6,0,0
2,16,0,60,456,40,6,0,0
8,116,0,54,526,84,2,4,0
0,0,0,20,196,33,2,1,0
2,4,0,36,564,68,8,2,0
6,16,0,68,450,44,2,2,2
4,-4,0,46,666,72,8,0,0
0,0,0,18,143,10,1,0,0
8,0,0,34,428,68,4,0,0
2,16,0,14,122,24,0,0,0
4,16,0,26,338,50,0,0,0
2,0,0,60,342,42,2,4,0
8,-8,0,24,270,58,4,0,0
6,4,0,36,348,70,2,0,0
0,0,0,31,283,48,2,3,0
6,6,0,58,280,30,2,4,0
2,0,0,54,444,112,2,0,2
0,0,0,1,22,5,0,0,0
0,0,0,1,9,1,0,0,0
2,-4,0,46,548,80,0,2,0
6,26,0,18,126,34,0,0,0
6,18,0,46,362,78,4,2,0
4,-10,0,28,242,46,0,2,0
10,60,0,52,562,90,4,4,0
0,0,0,1,11,3,0,0,0
0,0,0,4,30,4,0,0,0
6,-4,0,4,22,16,0,2,0
0,0,0,2,16,4,0,1,0
0,0,0,2,21,4,0,0,0
6,-4,0,2,28,2,0,0,0
2,0,0,56,564,34,2,0,0
0,0,0,44,176,25,0,2,0
2,-2,0,60,466,32,4,2,0
2,-2,0,0,0,0,0,0,0
0,0,0,34,205,24,2,1,0
0,0,0,18,236,12,4,1,0
0,0,0,2,53,6,0,2,0
4,18,0,68,430,46,2,4,0
0,0,0,21,188,13,2,1,0
0,0,0,5,47,3,0,0,0
2,4,0,72,578,58,2,2,4
12,42,0,76,402,44,0,2,0
2,28,0,72,490,38,2,2,0
6,32,2,102,588,48,0,2,0
10,30,2,50,576,38,4,2,0
12,80,0,72,334,34,2,4,0
10,60,2,76,470,44,0,0,4
0,0,0,7,11,5,0,0,0
0,0,0,5,34,7,0,0,0
2,-1,0,0,0,0,0,0,0
1,2,0,0,0,0,0,0,0
0,0,0,1,0,0,0,1,0
2,-2,0,0,0,0,0,0,0
6,20,0,48,460,68,4,0,0
6,-4,0,8,72,12,0,0,0
2,-1,0,0,0,0,0,0,0
0,0,0,7,17,2,0,0,0
0,0,0,23,172,17,2,2,0
2,-2,0,0,0,0,0,0,0
0,0,0,1,0,0,0,0,0
10,28,0,50,554,80,2,0,0
0,0,0,5,80,6,1,0,0
0,0,0,6,71,9,0,0,0
0,0,0,5,43,8,1,0,0
0,0,0,1,3,1,0,0,0
2,-2,0,0,0,0,0,0,0
2,2,0,0,0,0,0,0,0
2,8,0,56,556,36,0,4,2
12,36,0,70,446,46,2,2,0
4,22,0,48,208,24,0,0,0
6,26,0,62,508,42,4,4,2
4,40,0,28,82,18,0,2,0
6,-8,0,48,340,28,2,0,0
0,0,0,1,30,1,0,0,0
10,44,0,64,358,32,2,4,4
10,20,0,68,236,32,0,2,0
10,36,2,68,358,36,0,0,0
6,16,0,72,364,36,0,4,0
14,88,2,94,484,44,4,6,0
18,78,2,62,536,36,0,0,0
10,52,0,62,364,30,0,6,2
10,34,2,60,444,40,2,2,0
12,122,0,60,628,32,4,2,0
0,0,0,20,114,12,0,2,0
10,92,0,64,430,30,2,2,2
4,14,0,56,428,40,6,4,0
12,58,0,34,174,16,0,2,2
14,114,2,74,464,42,2,2,0
14,70,0,74,292,40,0,4,2
2,-2,0,38,542,74,2,2,0
2,2,0,58,346,32,0,0,0
2,12,0,70,500,48,6,4,0
2,2,0,70,634,52,2,0,0
4,14,0,60,644,80,2,0,0
2,16,0,84,484,48,2,4,2
6,54,0,52,620,74,4,2,0
4,0,0,68,688,50,8,0,2
2,4,0,60,606,90,2,0,0
2,-2,0,44,460,62,2,4,0
4,14,0,72,576,44,2,2,0
6,0,0,54,442,30,2,6,0
4,12,0,54,546,86,4,2,2
4,-6,0,44,502,76,2,4,0
4,46,0,48,750,78,8,2,0
0,0,0,35,248,24,1,1,0
6,8,0,60,722,82,4,2,0
0,0,0,37,348,48,2,2,0
2,-2,0,60,726,92,2,0,0
4,34,0,48,570,72,4,0,0
0,0,0,34,421,54,2,1,0
6,16,0,68,546,44,2,2,0
6,56,0,48,462,88,2,6,0
6,20,0,78,668,54,4,0,0
2,12,0,58,520,94,0,4,0
6,18,0,40,438,62,2,0,0
0,0,0,23,231,38,2,1,0
2,0,0,72,668,48,4,2,0
2,-2,0,38,512,54,2,0,0
10,46,0,60,480,40,4,0,0
12,2,0,46,612,60,2,0,2
2,26,0,68,602,122,2,8,0
0,0,0,33,374,43,2,0,0
6,58,0,62,424,34,2,0,0
2,-2,0,46,572,34,4,0,0
0,0,0,20,206,35,2,1,1
6,22,0,60,642,42,2,0,0
0,0,0,11,104,16,2,0,0
0,0,0,34,396,26,3,1,0
2,12,0,40,456,54,4,2,0
0,0,0,29,215,22,2,1,0
4,34,0,56,622,94,2,0,2
2,14,0,58,456,88,2,0,2
8,20,0,60,590,88,4,0,2
4,4,0,50,596,82,6,4,0
2,4,0,42,572,48,6,0,0
6,46,2,76,784,54,8,0,0
4,4,0,72,662,54,8,0,0
4,20,0,60,584,78,0,0,0
6,4,0,74,794,90,4,2,2
0,0,0,28,237,18,3,0,0
2,24,0,50,608,76,4,2,0
0,0,0,19,254,36,2,2,0
8,30,0,68,538,52,4,2,0
6,-6,0,74,676,52,6,0,0
6,0,0,44,492,70,2,2,0
4,4,0,40,438,54,2,6,0
12,34,0,58,508,36,4,0,4
4,-2,0,56,560,80,4,2,0
2,-2,0,70,588,48,4,6,0
6,6,0,56,534,30,2,0,0
4,14,0,50,560,92,6,6,0
2,8,0,60,538,90,2,2,0
2,0,0,62,634,44,6,2,2
0,0,0,29,316,45,1,1,0
6,-24,0,40,546,52,6,0,0
2,8,0,62,536,90,2,0,0
6,46,0,68,594,44,2,2,0
6,40,0,48,508,84,0,4,2
2,4,0,84,670,54,6,2,2
6,24,0,54,390,38,4,0,0
0,0,0,23,284,17,2,0,1
6,28,0,90,634,56,2,0,0
2,-2,0,44,448,68,0,2,2
6,74,0,66,466,46,2,0,0
2,16,0,56,504,38,2,0,0
6,30,0,62,896,86,6,0,0
8,28,0,74,1006,56,8,2,0
6,30,0,46,344,72,2,0,0
10,14,0,46,596,68,4,4,0
2,-2,0,58,420,76,2,2,2
2,-2,0,76,626,48,4,2,0
4,18,0,66,554,54,4,0,0
4,18,0,70,576,56,6,0,0
0,0,0,36,319,45,2,0,1
2,-2,0,28,248,44,0,0,2
2,12,0,46,480,82,2,2,2
2,2,0,8,50,12,0,0,2
2,34,0,46,546,78,2,4,0
4,54,0,58,782,88,6,0,0
0,0,0,1,6,4,0,0,0
0,0,0,3,45,5,0,0,0
0,0,0,3,7,6,0,0,0
0,0,0,1,-3,2,0,0,0
0,0,0,27,248,56,1,3,0
6,40,0,46,524,70,6,0,0
6,34,0,44,586,72,4,0,0
4,42,0,36,356,78,0,2,0
2,-2,0,54,598,82,4,2,2
4,8,2,26,76,10,0,2,0
4,-4,0,40,690,78,4,2,0
3,-5,0,0,0,0,0,0,0
0,0,0,15,263,24,2,1,0
0,0,0,22,171,31,0,1,1
2,-2,0,28,250,48,0,2,2
2,16,0,26,368,38,2,2,0
2,8,0,10,126,16,0,0,0
0,0,0,2,17,5,0,1,0
4,10,0,40,484,56,4,4,0
2,0,0,44,374,70,2,4,0
0,0,0,16,179,27,1,1,0
0,0,0,27,234,51,1,1,1
14,74,0,40,452,68,2,0,0
9,18,0,27,381,66,0,6,3
4,22,0,46,380,86,4,2,0
6,34,0,30,428,70,0,6,0
8,38,0,14,130,26,0,2,0
8,8,0,34,418,66,2,2,2
4,16,0,40,318,60,0,4,0
6,40,0,52,632,86,2,4,0
2,-2,0,4,0,0,0,0,0
2,4,0,8,58,20,0,2,0
12,36,2,16,230,38,0,0,0
2,4,0,12,62,8,0,2,0
14,52,2,32,352,64,2,2,0
12,94,0,48,512,76,2,2,2
2,14,0,16,190,8,2,0,0
10,36,0,40,716,50,6,0,2
4,8,0,20,178,24,0,0,0
6,16,0,38,402,68,0,4,0
12,88,0,30,334,56,2,2,0
20,88,2,34,380,54,0,0,0
4,68,0,54,530,84,4,2,0
6,18,0,34,420,54,2,2,0
2,0,0,4,10,16,0,6,0
20,76,0,46,442,56,2,2,2
10,100,2,32,438,50,2,2,0
12,66,0,36,508,58,2,2,0
8,32,0,32,358,56,2,0,0
2,6,0,8,54,24,0,2,0
2,0,0,16,206,46,0,6,2
6,26,0,68,424,42,2,0,4
6,14,0,46,578,68,2,4,4
8,28,2,32,662,58,4,4,0
12,64,2,34,466,66,2,2,0
20,96,2,40,428,72,4,0,0
6,42,0,32,398,40,6,0,0
4,-2,0,60,654,84,6,4,0
6,8,0,50,460,76,0,2,2
2,-2,0,42,472,84,2,2,0
6,0,0,34,432,60,2,4,2
6,60,0,58,750,98,6,0,4
6,44,0,92,480,48,0,4,2
4,-4,0,36,304,42,4,0,0
4,18,0,26,210,48,2,4,0
1,-1,0,0,0,0,0,0,0
2,2,0,30,320,50,2,2,0
2,14,0,14,154,20,2,0,0
2,0,0,32,384,46,0,2,0
2,0,0,44,470,58,0,0,0
0,0,0,1,11,1,1,0,0
4,16,2,48,762,62,8,0,0
8,4,2,48,594,68,2,2,2
2,-2,0,52,670,86,4,2,4
4,8,0,18,162,38,2,2,0
0,0,0,26,322,46,1,2,0
6,30,0,70,840,90,6,2,0
2,4,0,82,770,58,4,2,0
8,-8,0,56,478,42,2,2,0
4,16,2,78,786,112,2,4,2
8,6,0,82,536,58,4,0,0
4,10,0,84,846,56,8,0,2
8,2,0,68,598,46,2,0,0
6,-2,2,56,778,78,6,2,0
0,0,0,19,112,10,1,1,0
0,0,0,45,356,27,2,0,0
2,-2,0,72,570,52,4,2,0
0,0,0,19,209,28,2,2,0
12,42,2,58,684,92,6,2,0
4,22,0,34,472,72,4,2,0
2,12,0,64,680,88,4,2,0
2,2,0,80,1022,100,14,2,0
10,26,0,60,500,40,2,4,0
6,-6,0,50,824,72,6,0,0
0,0,0,37,291,27,1,0,0
8,-8,0,72,412,46,4,4,0
4,2,0,22,262,16,2,0,2
2,18,0,60,562,88,2,4,0
2,4,0,70,542,52,4,2,0
6,6,0,60,626,84,8,0,0
6,4,0,58,750,72,6,0,0
2,-2,0,46,294,76,2,0,2
0,0,0,13,163,21,2,1,0
8,4,0,60,826,78,8,0,0
2,2,2,70,530,54,2,0,0
6,-4,0,54,586,70,4,0,0
0,0,0,48,367,37,3,1,0
0,0,0,44,263,29,1,0,0
2,4,0,82,514,50,0,6,0
2,12,0,58,470,98,2,2,0
4,4,0,60,624,78,2,0,0
0,0,0,29,288,35,2,0,0
8,-12,0,46,556,66,4,0,0
0,0,0,33,359,41,2,0,0
8,-4,0,56,598,46,0,0,0
4,-4,0,78,646,56,6,0,0
10,-2,2,76,662,54,2,4,0
4,16,0,60,626,94,2,4,2
8,4,0,54,526,44,4,0,0
2,6,0,54,474,80,4,2,0
4,12,2,50,368,36,0,0,0
2,-2,0,48,510,76,2,2,0
6,4,0,52,714,70,4,2,0
2,26,0,56,684,90,4,2,0
6,0,0,62,624,82,4,0,0
2,24,0,48,564,84,6,2,0
4,14,0,56,584,94,6,4,2
6,-6,0,72,843,114,3,9,0
4,18,0,108,752,72,6,2,0
2,-2,0,70,742,114,4,6,0
8,-2,0,52,664,68,10,0,0
4,0,0,88,570,70,4,2,2
6,-10,0,84,646,64,2,0,0
2,2,0,62,372,42,4,4,0
0,0,0,24,309,43,1,0,0
2,-2,0,60,610,86,2,2,0
0,0,0,19,257,27,5,0,0
0,0,0,44,326,31,0,3,0
0,0,0,25,228,44,0,1,0
4,-4,0,96,778,74,8,0,2
2,6,0,60,710,96,2,2,0
2,10,0,64,492,44,2,0,0
2,22,0,68,682,104,6,0,0
8,-6,0,68,538,50,2,0,0
2,4,0,58,666,84,2,2,0
0,0,0,49,465,34,4,1,0
0,0,0,50,350,29,2,1,0
2,6,0,66,510,82,2,0,0
0,0,0,29,220,22,3,0,0
2,-2,0,60,764,102,4,4,0
2,4,0,60,490,44,2,0,0
8,-8,0,56,510,88,2,2,0
0,0,0,34,392,41,4,0,0
2,2,2,72,620,56,8,0,2
2,12,0,54,622,64,6,0,0
4,8,0,28,132,12,0,10,0
2,18,0,30,100,12,0,0,0
8,20,0,20,114,10,2,0,0
0,0,0,10,79,7,1,0,0
6,50,0,64,704,110,6,2,0
4,8,0,74,760,112,2,0,2
2,6,0,64,666,90,4,4,0
2,-2,0,28,240,48,4,0,0
4,10,0,100,764,68,6,0,2
2,2,0,42,510,60,2,2,0
2,-2,0,56,338,40,2,0,2
8,34,0,68,584,48,2,0,0
0,0,0,11,36,5,0,0,0
4,2,0,54,598,76,4,2,0
2,-2,0,82,448,48,2,2,4
2,8,0,56,722,82,4,4,2
2,28,0,30,540,56,6,0,0
8,12,0,72,524,52,2,0,0
6,6,0,46,494,76,2,2,0
4,-4,0,76,640,60,4,2,0
4,20,0,90,494,64,2,0,0
6,12,0,52,410,92,0,2,0
2,8,0,24,234,32,6,0,0
2,48,0,66,500,50,6,2,0
10,8,0,38,444,68,6,0,0
2,0,0,38,472,50,2,0,0
4,18,0,46,448,74,2,4,2
4,-4,0,60,542,44,4,0,0
4,-6,0,64,692,54,6,0,0
2,-6,0,62,572,44,4,0,0
2,-2,0,50,590,72,2,0,0
0,0,0,29,240,48,1,0,0
0,0,0,37,224,31,0,1,0
8,4,0,48,560,76,2,6,0
6,-4,0,28,236,56,2,0,0
0,0,0,37,228,23,1,0,0
0,0,0,42,291,32,0,1,1
0,0,0,36,336,52,1,2,0
0,0,0,80,546,62,2,0,0
4,-4,0,56,342,36,2,0,0
6,-8,0,38,404,82,2,2,2
6,-6,0,4,52,4,0,0,0
0,0,0,1,4,5,0,0,0
3,-3,0,0,0,0,0,0,0
8,48,0,42,436,72,2,0,0
6,-6,0,52,598,78,8,2,0
4,16,0,42,464,78,2,2,2
2,-2,0,6,44,10,0,2,0
0,0,0,1,19,2,0,0,0
6,-6,0,0,0,4,0,0,0
6,8,0,42,454,64,2,2,2
12,56,0,48,516,64,2,2,2
0,0,0,1,6,1,0,0,0
4,8,0,20,278,40,0,2,4
0,0,0,1,8,1,0,0,1
